month,scene,zone,metric,value,cloud
2019-01,S2A_48NUG_20190101_0_L2A,west_cargo,stock_bright,834.0,0.0
2019-01,S2A_48NUG_20190101_0_L2A,east_cargo,stock_bright,1606.0,0.0
2019-01,S2A_48NUG_20190101_0_L2A,pax_t123,stock_bright,1298.0,0.26136762127410873
2019-01,S2A_48NUG_20190101_0_L2A,pax_t4,stock_bright,1256.0,0.16734916734916735
2019-01,S2A_48NUG_20190101_0_L2A,airfield,stock_bright,1118.0,0.23810878355039924
2019-01,S2A_48NUG_20190131_0_L2A,west_cargo,stock_bright,8504.0,1.0
2019-01,S2A_48NUG_20190131_0_L2A,east_cargo,stock_bright,9104.0,1.0
2019-01,S2A_48NUG_20190131_0_L2A,pax_t123,stock_bright,3086.0,0.9033703487239431
2019-01,S2A_48NUG_20190131_0_L2A,pax_t4,stock_bright,3984.0,0.8476658476658476
2019-01,S2A_48NUG_20190131_0_L2A,airfield,stock_bright,4468.0,0.8557205843509357
2019-01,S2A_48NUG_20190131_0_L2A,west_cargo,pairdiff,,1.0
2019-01,S2A_48NUG_20190131_0_L2A,east_cargo,pairdiff,,1.0
2019-01,S2A_48NUG_20190131_0_L2A,pax_t123,pairdiff,,0.9033703487239431
2019-01,S2A_48NUG_20190131_0_L2A,pax_t4,pairdiff,,0.8476658476658476
2019-01,S2A_48NUG_20190131_0_L2A,airfield,pairdiff,,0.8557205843509357
2019-02,S2A_48NUG_20190210_0_L2A,west_cargo,stock_bright,4564.0,0.9576767676767677
2019-02,S2A_48NUG_20190210_0_L2A,east_cargo,stock_bright,2570.0,0.5521479858829257
2019-02,S2A_48NUG_20190210_0_L2A,pax_t123,stock_bright,5868.0,0.9729592830703292
2019-02,S2A_48NUG_20190210_0_L2A,pax_t4,stock_bright,2918.0,0.1485121485121485
2019-02,S2A_48NUG_20190210_0_L2A,airfield,stock_bright,3042.0,0.5243716601987118
2019-02,S2A_48NUG_20190220_0_L2A,west_cargo,stock_bright,1606.0,0.4264646464646465
2019-02,S2A_48NUG_20190220_0_L2A,east_cargo,stock_bright,2258.0,0.6860167944505294
2019-02,S2A_48NUG_20190220_0_L2A,pax_t123,stock_bright,2646.0,0.5937658289499318
2019-02,S2A_48NUG_20190220_0_L2A,pax_t4,stock_bright,2512.0,0.07316407316407317
2019-02,S2A_48NUG_20190220_0_L2A,airfield,stock_bright,2040.0,0.3782636081028913
2019-02,S2A_48NUG_20190220_0_L2A,west_cargo,pairdiff,,0.9576767676767677
2019-02,S2A_48NUG_20190220_0_L2A,east_cargo,pairdiff,,0.6860167944505294
2019-02,S2A_48NUG_20190220_0_L2A,pax_t123,pairdiff,,0.9729592830703292
2019-02,S2A_48NUG_20190220_0_L2A,pax_t4,pairdiff,4956987.0,0.1485121485121485
2019-02,S2A_48NUG_20190220_0_L2A,airfield,pairdiff,,0.5243716601987118
2019-03,S2A_48NUG_20190302_0_L2A,west_cargo,stock_bright,1600.0,0.19686868686868686
2019-03,S2A_48NUG_20190302_0_L2A,east_cargo,stock_bright,1892.0,0.2733357673116709
2019-03,S2A_48NUG_20190302_0_L2A,pax_t123,stock_bright,1742.0,0.23463861289694135
2019-03,S2A_48NUG_20190302_0_L2A,pax_t4,stock_bright,2684.0,0.02293202293202293
2019-03,S2A_48NUG_20190302_0_L2A,airfield,stock_bright,1512.0,0.08766279943921816
2019-06,S2A_48NUG_20190610_0_L2A,west_cargo,stock_bright,1540.0,0.24484848484848484
2019-06,S2A_48NUG_20190610_0_L2A,east_cargo,stock_bright,1614.0,0.383108190337106
2019-06,S2A_48NUG_20190610_0_L2A,pax_t123,stock_bright,1688.0,0.22840444184687317
2019-06,S2A_48NUG_20190610_0_L2A,pax_t4,stock_bright,1400.0,0.07844207844207844
2019-06,S2A_48NUG_20190610_0_L2A,airfield,stock_bright,1212.0,0.1381433244610602
2019-07,S2A_48NUG_20190720_0_L2A,west_cargo,stock_bright,1896.0,0.5754545454545454
2019-07,S2A_48NUG_20190720_0_L2A,east_cargo,stock_bright,2068.0,0.7887306802969454
2019-07,S2A_48NUG_20190720_0_L2A,pax_t123,stock_bright,2062.0,0.6016364699006429
2019-07,S2A_48NUG_20190720_0_L2A,pax_t4,stock_bright,1794.0,0.2833742833742834
2019-07,S2A_48NUG_20190720_0_L2A,airfield,stock_bright,1730.0,0.34985878862994496
2019-08,S2A_48NUG_20190819_0_L2A,west_cargo,stock_bright,1728.0,0.23353535353535354
2019-08,S2A_48NUG_20190819_0_L2A,east_cargo,stock_bright,1688.0,0.2485091882682244
2019-08,S2A_48NUG_20190819_0_L2A,pax_t123,stock_bright,1952.0,0.28123904149620105
2019-08,S2A_48NUG_20190819_0_L2A,pax_t4,stock_bright,1938.0,0.043498043498043495
2019-08,S2A_48NUG_20190819_0_L2A,airfield,stock_bright,1644.0,0.12141130097324096
2019-08,S2A_48NUG_20190819_1_L2A,west_cargo,stock_bright,1610.0,0.0
2019-08,S2A_48NUG_20190819_1_L2A,east_cargo,stock_bright,1584.0,0.029207740051113547
2019-08,S2A_48NUG_20190819_1_L2A,pax_t123,stock_bright,1818.0,0.050808494058055716
2019-08,S2A_48NUG_20190819_1_L2A,pax_t4,stock_bright,1870.0,0.0
2019-08,S2A_48NUG_20190819_1_L2A,airfield,stock_bright,1548.0,0.047006115773005265
2019-08,S2A_48NUG_20190819_1_L2A,west_cargo,pairdiff,1697988.0,0.23353535353535354
2019-08,S2A_48NUG_20190819_1_L2A,east_cargo,pairdiff,1248252.0,0.2485091882682244
2019-08,S2A_48NUG_20190819_1_L2A,pax_t123,pairdiff,4637154.0,0.28123904149620105
2019-08,S2A_48NUG_20190819_1_L2A,pax_t4,pairdiff,1961583.0,0.043498043498043495
2019-08,S2A_48NUG_20190819_1_L2A,airfield,pairdiff,28595316.0,0.12141130097324096
2019-09,S2A_48NUG_20190908_0_L2A,west_cargo,stock_bright,1808.0,0.22818181818181818
2019-09,S2A_48NUG_20190908_0_L2A,east_cargo,stock_bright,1942.0,0.29256419617865403
2019-09,S2A_48NUG_20190908_0_L2A,pax_t123,stock_bright,2040.0,0.37311513734658097
2019-09,S2A_48NUG_20190908_0_L2A,pax_t4,stock_bright,2402.0,0.11284011284011285
2019-09,S2A_48NUG_20190908_0_L2A,airfield,stock_bright,1810.0,0.1582380071926367
2019-09,S2A_48NUG_20190908_1_L2A,west_cargo,stock_bright,1728.0,0.0
2019-09,S2A_48NUG_20190908_1_L2A,east_cargo,stock_bright,1880.0,0.0
2019-09,S2A_48NUG_20190908_1_L2A,pax_t123,stock_bright,2020.0,0.4175336060783168
2019-09,S2A_48NUG_20190908_1_L2A,pax_t4,stock_bright,2406.0,0.0
2019-09,S2A_48NUG_20190908_1_L2A,airfield,stock_bright,1760.0,0.12186846008493
2019-09,S2A_48NUG_20190908_1_L2A,west_cargo,pairdiff,1113896.0,0.22818181818181818
2019-09,S2A_48NUG_20190908_1_L2A,east_cargo,pairdiff,1044985.0,0.29256419617865403
2019-09,S2A_48NUG_20190908_1_L2A,pax_t123,pairdiff,,0.4175336060783168
2019-09,S2A_48NUG_20190908_1_L2A,pax_t4,pairdiff,1377856.0,0.11284011284011285
2019-09,S2A_48NUG_20190908_1_L2A,airfield,pairdiff,21698924.0,0.1582380071926367
2019-09,S2A_48NUG_20190928_1_L2A,west_cargo,stock_bright,1681.0,0.0
2019-09,S2A_48NUG_20190928_1_L2A,east_cargo,stock_bright,1734.0,0.007058537179019107
2019-09,S2A_48NUG_20190928_1_L2A,pax_t123,stock_bright,2060.0,0.15336060783167738
2019-09,S2A_48NUG_20190928_1_L2A,pax_t4,stock_bright,2718.0,0.0
2019-09,S2A_48NUG_20190928_1_L2A,airfield,stock_bright,1786.0,0.17834284901558406
2019-09,S2A_48NUG_20190928_1_L2A,west_cargo,pairdiff,1173094.0,0.0
2019-09,S2A_48NUG_20190928_1_L2A,east_cargo,pairdiff,1940701.0,0.007058537179019107
2019-09,S2A_48NUG_20190928_1_L2A,pax_t123,pairdiff,,0.4175336060783168
2019-09,S2A_48NUG_20190928_1_L2A,pax_t4,pairdiff,6451150.0,0.0
2019-09,S2A_48NUG_20190928_1_L2A,airfield,pairdiff,112516984.0,0.17834284901558406
2019-10,S2A_48NUG_20191008_0_L2A,west_cargo,stock_bright,6952.0,0.9036363636363637
2019-10,S2A_48NUG_20191008_0_L2A,east_cargo,stock_bright,2110.0,0.4704880126566874
2019-10,S2A_48NUG_20191008_0_L2A,pax_t123,stock_bright,2732.0,0.5398792129359049
2019-10,S2A_48NUG_20191008_0_L2A,pax_t4,stock_bright,2472.0,0.17763217763217765
2019-10,S2A_48NUG_20191008_0_L2A,airfield,stock_bright,2222.0,0.4959871589085072
2019-11,S2A_48NUG_20191117_0_L2A,west_cargo,stock_bright,1610.0,0.2312121212121212
2019-11,S2A_48NUG_20191117_0_L2A,east_cargo,stock_bright,1800.0,0.34319094560058416
2019-11,S2A_48NUG_20191117_0_L2A,pax_t123,stock_bright,1808.0,0.3307227742061173
2019-11,S2A_48NUG_20191117_0_L2A,pax_t4,stock_bright,2712.0,0.06315406315406315
2019-11,S2A_48NUG_20191117_0_L2A,airfield,stock_bright,1500.0,0.1435073247048784
2019-11,S2A_48NUG_20191117_1_L2A,west_cargo,stock_bright,1516.0,0.0
2019-11,S2A_48NUG_20191117_1_L2A,east_cargo,stock_bright,1714.0,0.0
2019-11,S2A_48NUG_20191117_1_L2A,pax_t123,stock_bright,1740.0,0.21842976816676407
2019-11,S2A_48NUG_20191117_1_L2A,pax_t4,stock_bright,2680.0,0.0
2019-11,S2A_48NUG_20191117_1_L2A,airfield,stock_bright,1426.0,0.058313184468781115
2019-11,S2A_48NUG_20191117_1_L2A,west_cargo,pairdiff,1722189.0,0.2312121212121212
2019-11,S2A_48NUG_20191117_1_L2A,east_cargo,pairdiff,,0.34319094560058416
2019-11,S2A_48NUG_20191117_1_L2A,pax_t123,pairdiff,,0.3307227742061173
2019-11,S2A_48NUG_20191117_1_L2A,pax_t4,pairdiff,1836748.0,0.06315406315406315
2019-11,S2A_48NUG_20191117_1_L2A,airfield,pairdiff,28404580.0,0.1435073247048784
2019-12,S2A_48NUG_20191227_0_L2A,west_cargo,stock_bright,1454.0,0.16737373737373737
2019-12,S2A_48NUG_20191227_0_L2A,east_cargo,stock_bright,1592.0,0.2796641109894122
2019-12,S2A_48NUG_20191227_0_L2A,pax_t123,stock_bright,1660.0,0.24850964348334306
2019-12,S2A_48NUG_20191227_0_L2A,pax_t4,stock_bright,1772.0,0.18473018473018474
2019-12,S2A_48NUG_20191227_0_L2A,airfield,stock_bright,1190.0,0.11146555052116139
2019-12,S2A_48NUG_20191227_1_L2A,west_cargo,stock_bright,1396.0,0.0
2019-12,S2A_48NUG_20191227_1_L2A,east_cargo,stock_bright,1544.0,0.0
2019-12,S2A_48NUG_20191227_1_L2A,pax_t123,stock_bright,1588.0,0.0
2019-12,S2A_48NUG_20191227_1_L2A,pax_t4,stock_bright,1730.0,0.15178815178815178
2019-12,S2A_48NUG_20191227_1_L2A,airfield,stock_bright,1146.0,0.008777454944429771
2019-12,S2A_48NUG_20191227_1_L2A,west_cargo,pairdiff,1584075.0,0.16737373737373737
2019-12,S2A_48NUG_20191227_1_L2A,east_cargo,pairdiff,1316315.0,0.2796641109894122
2019-12,S2A_48NUG_20191227_1_L2A,pax_t123,pairdiff,4416517.0,0.24850964348334306
2019-12,S2A_48NUG_20191227_1_L2A,pax_t4,pairdiff,1638042.0,0.18473018473018474
2019-12,S2A_48NUG_20191227_1_L2A,airfield,pairdiff,25832232.0,0.11146555052116139
2020-01,S2A_48NUG_20200106_0_L2A,west_cargo,stock_bright,1440.0,0.00040404040404040404
2020-01,S2A_48NUG_20200106_0_L2A,east_cargo,stock_bright,1588.0,0.0009735913350371182
2020-01,S2A_48NUG_20200106_0_L2A,pax_t123,stock_bright,1616.0,0.0015585427625170465
2020-01,S2A_48NUG_20200106_0_L2A,pax_t4,stock_bright,2132.0,0.002002002002002002
2020-01,S2A_48NUG_20200106_0_L2A,airfield,stock_bright,1356.0,0.008493000386045472
2020-01,S2A_48NUG_20200106_1_L2A,west_cargo,stock_bright,1420.0,0.0
2020-01,S2A_48NUG_20200106_1_L2A,east_cargo,stock_bright,1578.0,0.0
2020-01,S2A_48NUG_20200106_1_L2A,pax_t123,stock_bright,1594.0,0.0
2020-01,S2A_48NUG_20200106_1_L2A,pax_t4,stock_bright,2098.0,0.0
2020-01,S2A_48NUG_20200106_1_L2A,airfield,stock_bright,1338.0,0.0
2020-01,S2A_48NUG_20200106_1_L2A,west_cargo,pairdiff,1834758.0,0.00040404040404040404
2020-01,S2A_48NUG_20200106_1_L2A,east_cargo,pairdiff,1587204.0,0.0009735913350371182
2020-01,S2A_48NUG_20200106_1_L2A,pax_t123,pairdiff,5027606.0,0.0015585427625170465
2020-01,S2A_48NUG_20200106_1_L2A,pax_t4,pairdiff,2233509.0,0.002002002002002002
2020-01,S2A_48NUG_20200106_1_L2A,airfield,pairdiff,31662076.0,0.008493000386045472
2020-01,S2A_48NUG_20200126_0_L2A,west_cargo,stock_bright,1550.0,0.04101010101010101
2020-01,S2A_48NUG_20200126_0_L2A,east_cargo,stock_bright,1684.0,0.027990750882317148
2020-01,S2A_48NUG_20200126_0_L2A,pax_t123,stock_bright,1876.0,0.3037989479836353
2020-01,S2A_48NUG_20200126_0_L2A,pax_t4,stock_bright,2714.0,0.06515606515606516
2020-01,S2A_48NUG_20200126_0_L2A,airfield,stock_bright,1406.0,0.07532966251498466
2020-01,S2A_48NUG_20200126_0_L2A,west_cargo,pairdiff,2127784.0,0.04101010101010101
2020-01,S2A_48NUG_20200126_0_L2A,east_cargo,pairdiff,1788275.0,0.027990750882317148
2020-01,S2A_48NUG_20200126_0_L2A,pax_t123,pairdiff,,0.3037989479836353
2020-01,S2A_48NUG_20200126_0_L2A,pax_t4,pairdiff,5689548.0,0.06515606515606516
2020-01,S2A_48NUG_20200126_0_L2A,airfield,pairdiff,62613560.0,0.07532966251498466
2020-02,S2A_48NUG_20200205_0_L2A,west_cargo,stock_bright,1632.0,0.25181818181818183
2020-02,S2A_48NUG_20200205_0_L2A,east_cargo,stock_bright,1746.0,0.34562492393817695
2020-02,S2A_48NUG_20200205_0_L2A,pax_t123,stock_bright,1752.0,0.3159166179622053
2020-02,S2A_48NUG_20200205_0_L2A,pax_t4,stock_bright,2576.0,0.06479206479206479
2020-02,S2A_48NUG_20200205_0_L2A,airfield,stock_bright,1444.0,0.1447975293089786
2020-02,S2A_48NUG_20200225_0_L2A,west_cargo,stock_bright,1628.0,0.2639393939393939
2020-02,S2A_48NUG_20200225_0_L2A,east_cargo,stock_bright,1742.0,0.35511743945478885
2020-02,S2A_48NUG_20200225_0_L2A,pax_t123,stock_bright,1786.0,0.30687706993960645
2020-02,S2A_48NUG_20200225_0_L2A,pax_t4,stock_bright,2406.0,0.1406861406861407
2020-02,S2A_48NUG_20200225_0_L2A,airfield,stock_bright,1344.0,0.13786902899404677
2020-02,S2A_48NUG_20200225_0_L2A,west_cargo,pairdiff,1936062.0,0.2639393939393939
2020-02,S2A_48NUG_20200225_0_L2A,east_cargo,pairdiff,,0.35511743945478885
2020-02,S2A_48NUG_20200225_0_L2A,pax_t123,pairdiff,,0.3159166179622053
2020-02,S2A_48NUG_20200225_0_L2A,pax_t4,pairdiff,7585741.0,0.1406861406861407
2020-02,S2A_48NUG_20200225_0_L2A,airfield,pairdiff,54997088.0,0.1447975293089786
2020-02,S2A_48NUG_20200225_1_L2A,west_cargo,stock_bright,1554.0,0.0
2020-02,S2A_48NUG_20200225_1_L2A,east_cargo,stock_bright,1656.0,0.0
2020-02,S2A_48NUG_20200225_1_L2A,pax_t123,stock_bright,1704.0,0.0
2020-02,S2A_48NUG_20200225_1_L2A,pax_t4,stock_bright,2366.0,0.004368004368004368
2020-02,S2A_48NUG_20200225_1_L2A,airfield,stock_bright,1292.0,0.006694841213401873
2020-02,S2A_48NUG_20200225_1_L2A,west_cargo,pairdiff,2239466.0,0.2639393939393939
2020-02,S2A_48NUG_20200225_1_L2A,east_cargo,pairdiff,,0.35511743945478885
2020-02,S2A_48NUG_20200225_1_L2A,pax_t123,pairdiff,,0.30687706993960645
2020-02,S2A_48NUG_20200225_1_L2A,pax_t4,pairdiff,1928198.0,0.1406861406861407
2020-02,S2A_48NUG_20200225_1_L2A,airfield,pairdiff,36585672.0,0.13786902899404677
2020-05,S2A_48NUG_20200505_0_L2A,west_cargo,stock_bright,1638.0,0.35
2020-05,S2A_48NUG_20200505_0_L2A,east_cargo,stock_bright,1686.0,0.38700255567725445
2020-05,S2A_48NUG_20200505_0_L2A,pax_t123,stock_bright,1902.0,0.41106565361387104
2020-05,S2A_48NUG_20200505_0_L2A,pax_t4,stock_bright,1774.0,0.3384293384293384
2020-05,S2A_48NUG_20200505_0_L2A,airfield,stock_bright,1294.0,0.20716419123473598
2020-05,S2A_48NUG_20200525_0_L2A,west_cargo,stock_bright,1522.0,0.024242424242424242
2020-05,S2A_48NUG_20200525_0_L2A,east_cargo,stock_bright,1528.0,0.028964342217354267
2020-05,S2A_48NUG_20200525_0_L2A,pax_t123,stock_bright,1744.0,0.051743619715565944
2020-05,S2A_48NUG_20200525_0_L2A,pax_t4,stock_bright,1648.0,0.06788606788606788
2020-05,S2A_48NUG_20200525_0_L2A,airfield,stock_bright,1126.0,0.03668447894020359
2020-05,S2A_48NUG_20200525_0_L2A,west_cargo,pairdiff,,0.35
2020-05,S2A_48NUG_20200525_0_L2A,east_cargo,pairdiff,,0.38700255567725445
2020-05,S2A_48NUG_20200525_0_L2A,pax_t123,pairdiff,,0.41106565361387104
2020-05,S2A_48NUG_20200525_0_L2A,pax_t4,pairdiff,,0.3384293384293384
2020-05,S2A_48NUG_20200525_0_L2A,airfield,pairdiff,48035248.0,0.20716419123473598
2020-07,S2A_48NUG_20200704_0_L2A,west_cargo,stock_bright,1968.0,0.5811111111111111
2020-07,S2A_48NUG_20200704_0_L2A,east_cargo,stock_bright,2008.0,0.5296336862601922
2020-07,S2A_48NUG_20200704_0_L2A,pax_t123,stock_bright,2888.0,0.7495032144944477
2020-07,S2A_48NUG_20200704_0_L2A,pax_t4,stock_bright,1824.0,0.37965237965237963
2020-07,S2A_48NUG_20200704_0_L2A,airfield,stock_bright,1604.0,0.4016904728041124
2020-07,S2A_48NUG_20200704_1_L2A,west_cargo,stock_bright,2054.0,0.9281818181818182
2020-07,S2A_48NUG_20200704_1_L2A,east_cargo,stock_bright,2094.0,0.7927467445539734
2020-07,S2A_48NUG_20200704_1_L2A,pax_t123,stock_bright,3022.0,0.9481784531463082
2020-07,S2A_48NUG_20200704_1_L2A,pax_t4,stock_bright,1938.0,0.6798616798616799
2020-07,S2A_48NUG_20200704_1_L2A,airfield,stock_bright,1694.0,0.6282788467399476
2020-07,S2A_48NUG_20200704_1_L2A,west_cargo,pairdiff,,0.9281818181818182
2020-07,S2A_48NUG_20200704_1_L2A,east_cargo,pairdiff,,0.7927467445539734
2020-07,S2A_48NUG_20200704_1_L2A,pax_t123,pairdiff,,0.9481784531463082
2020-07,S2A_48NUG_20200704_1_L2A,pax_t4,pairdiff,,0.6798616798616799
2020-07,S2A_48NUG_20200704_1_L2A,airfield,pairdiff,,0.6282788467399476
2020-09,S2A_48NUG_20200902_0_L2A,west_cargo,stock_bright,6004.0,0.7450505050505051
2020-09,S2A_48NUG_20200902_0_L2A,east_cargo,stock_bright,2034.0,0.2872094438359499
2020-09,S2A_48NUG_20200902_0_L2A,pax_t123,stock_bright,2296.0,0.3553087862848237
2020-09,S2A_48NUG_20200902_0_L2A,pax_t4,stock_bright,1924.0,0.05405405405405406
2020-09,S2A_48NUG_20200902_0_L2A,airfield,stock_bright,1644.0,0.3449621065891867
2020-10,S2A_48NUG_20201002_0_L2A,west_cargo,stock_bright,2162.0,0.51010101010101
2020-10,S2A_48NUG_20201002_0_L2A,east_cargo,stock_bright,1750.0,0.28696604600219056
2020-10,S2A_48NUG_20201002_0_L2A,pax_t123,stock_bright,1940.0,0.27874537307617375
2020-10,S2A_48NUG_20201002_0_L2A,pax_t4,stock_bright,1856.0,0.34316134316134317
2020-10,S2A_48NUG_20201002_0_L2A,airfield,stock_bright,1432.0,0.22390637381392609
2020-12,S2A_48NUG_20201201_0_L2A,west_cargo,stock_bright,3762.0,0.8674747474747475
2020-12,S2A_48NUG_20201201_0_L2A,east_cargo,stock_bright,4332.0,0.8849945235487404
2020-12,S2A_48NUG_20201201_0_L2A,pax_t123,stock_bright,8068.0,0.988934346386129
2020-12,S2A_48NUG_20201201_0_L2A,pax_t4,stock_bright,2100.0,0.6862316862316862
2020-12,S2A_48NUG_20201201_0_L2A,airfield,stock_bright,5044.0,0.8618058800820855
2021-02,S2A_48NUG_20210219_0_L2A,west_cargo,stock_bright,1490.0,0.21393939393939393
2021-02,S2A_48NUG_20210219_0_L2A,east_cargo,stock_bright,2036.0,0.4519897772909821
2021-02,S2A_48NUG_20210219_0_L2A,pax_t123,stock_bright,2096.0,0.40553282680693553
2021-02,S2A_48NUG_20210219_0_L2A,pax_t4,stock_bright,3196.0,0.14814814814814814
2021-02,S2A_48NUG_20210219_0_L2A,airfield,stock_bright,1792.0,0.24794278399739927
2021-02,S2A_48NUG_20210219_1_L2A,west_cargo,stock_bright,1384.0,0.05555555555555555
2021-02,S2A_48NUG_20210219_1_L2A,east_cargo,stock_bright,1990.0,0.40562248995983935
2021-02,S2A_48NUG_20210219_1_L2A,pax_t123,stock_bright,1960.0,0.09133060588349892
2021-02,S2A_48NUG_20210219_1_L2A,pax_t4,stock_bright,3164.0,0.186004186004186
2021-02,S2A_48NUG_20210219_1_L2A,airfield,stock_bright,1710.0,0.1719832578174208
2021-02,S2A_48NUG_20210219_1_L2A,west_cargo,pairdiff,2500375.0,0.21393939393939393
2021-02,S2A_48NUG_20210219_1_L2A,east_cargo,pairdiff,,0.4519897772909821
2021-02,S2A_48NUG_20210219_1_L2A,pax_t123,pairdiff,,0.40553282680693553
2021-02,S2A_48NUG_20210219_1_L2A,pax_t4,pairdiff,2949517.0,0.186004186004186
2021-02,S2A_48NUG_20210219_1_L2A,airfield,pairdiff,42401384.0,0.24794278399739927
2021-03,S2A_48NUG_20210301_0_L2A,west_cargo,stock_bright,1588.0,0.007272727272727273
2021-03,S2A_48NUG_20210301_0_L2A,east_cargo,stock_bright,1606.0,0.012656687355482536
2021-03,S2A_48NUG_20210301_0_L2A,pax_t123,stock_bright,1722.0,0.01897525813364504
2021-03,S2A_48NUG_20210301_0_L2A,pax_t4,stock_bright,2986.0,0.0637000637000637
2021-03,S2A_48NUG_20210301_0_L2A,airfield,stock_bright,1448.0,0.03847247902147632
2021-04,S2A_48NUG_20210420_0_L2A,west_cargo,stock_bright,2220.0,0.5645454545454546
2021-04,S2A_48NUG_20210420_0_L2A,east_cargo,stock_bright,2646.0,0.6496288183035172
2021-04,S2A_48NUG_20210420_0_L2A,pax_t123,stock_bright,1760.0,0.277576466004286
2021-04,S2A_48NUG_20210420_0_L2A,pax_t4,stock_bright,2446.0,0.16443716443716444
2021-04,S2A_48NUG_20210420_0_L2A,airfield,stock_bright,1652.0,0.2914338541560843
2021-05,S2A_48NUG_20210510_0_L2A,west_cargo,stock_bright,1444.0,0.12121212121212122
2021-05,S2A_48NUG_20210510_0_L2A,east_cargo,stock_bright,1470.0,0.09565534866739686
2021-05,S2A_48NUG_20210510_0_L2A,pax_t123,stock_bright,1694.0,0.18679135008766803
2021-05,S2A_48NUG_20210510_0_L2A,pax_t4,stock_bright,2228.0,0.085995085995086
2021-05,S2A_48NUG_20210510_0_L2A,airfield,stock_bright,1186.0,0.07089013958591543
2021-05,S2A_48NUG_20210510_1_L2A,west_cargo,stock_bright,1396.0,0.0
2021-05,S2A_48NUG_20210510_1_L2A,east_cargo,stock_bright,1416.0,0.0
2021-05,S2A_48NUG_20210510_1_L2A,pax_t123,stock_bright,1624.0,0.0
2021-05,S2A_48NUG_20210510_1_L2A,pax_t4,stock_bright,2182.0,0.0
2021-05,S2A_48NUG_20210510_1_L2A,airfield,stock_bright,1148.0,0.0
2021-05,S2A_48NUG_20210510_1_L2A,west_cargo,pairdiff,2429263.0,0.12121212121212122
2021-05,S2A_48NUG_20210510_1_L2A,east_cargo,pairdiff,1905953.0,0.09565534866739686
2021-05,S2A_48NUG_20210510_1_L2A,pax_t123,pairdiff,6840934.0,0.18679135008766803
2021-05,S2A_48NUG_20210510_1_L2A,pax_t4,pairdiff,2284815.0,0.085995085995086
2021-05,S2A_48NUG_20210510_1_L2A,airfield,pairdiff,38954464.0,0.07089013958591543
2021-07,S2A_48NUG_20210709_0_L2A,west_cargo,stock_bright,1810.0,0.4670707070707071
2021-07,S2A_48NUG_20210709_0_L2A,east_cargo,stock_bright,1660.0,0.21784106121455518
2021-07,S2A_48NUG_20210709_0_L2A,pax_t123,stock_bright,2164.0,0.44445743230079876
2021-07,S2A_48NUG_20210709_0_L2A,pax_t4,stock_bright,2320.0,0.16662116662116663
2021-07,S2A_48NUG_20210709_0_L2A,airfield,stock_bright,1526.0,0.2703131031960501
2021-07,S2A_48NUG_20210729_0_L2A,west_cargo,stock_bright,1678.0,0.2864646464646465
2021-07,S2A_48NUG_20210729_0_L2A,east_cargo,stock_bright,1704.0,0.3849336740903006
2021-07,S2A_48NUG_20210729_0_L2A,pax_t123,stock_bright,1850.0,0.26409507110851355
2021-07,S2A_48NUG_20210729_0_L2A,pax_t4,stock_bright,2212.0,0.14305214305214306
2021-07,S2A_48NUG_20210729_0_L2A,airfield,stock_bright,1672.0,0.304904809313855
2021-07,S2A_48NUG_20210729_0_L2A,west_cargo,pairdiff,,0.4670707070707071
2021-07,S2A_48NUG_20210729_0_L2A,east_cargo,pairdiff,,0.3849336740903006
2021-07,S2A_48NUG_20210729_0_L2A,pax_t123,pairdiff,,0.44445743230079876
2021-07,S2A_48NUG_20210729_0_L2A,pax_t4,pairdiff,5469802.0,0.16662116662116663
2021-07,S2A_48NUG_20210729_0_L2A,airfield,pairdiff,,0.304904809313855
2021-07,S2A_48NUG_20210729_1_L2A,west_cargo,stock_bright,1620.0,0.13454545454545455
2021-07,S2A_48NUG_20210729_1_L2A,east_cargo,stock_bright,1640.0,0.46063040038943653
2021-07,S2A_48NUG_20210729_1_L2A,pax_t123,stock_bright,1726.0,0.006779661016949152
2021-07,S2A_48NUG_20210729_1_L2A,pax_t4,stock_bright,2178.0,0.05132405132405132
2021-07,S2A_48NUG_20210729_1_L2A,airfield,stock_bright,1596.0,0.2586911026677774
2021-07,S2A_48NUG_20210729_1_L2A,west_cargo,pairdiff,1560350.0,0.2864646464646465
2021-07,S2A_48NUG_20210729_1_L2A,east_cargo,pairdiff,,0.46063040038943653
2021-07,S2A_48NUG_20210729_1_L2A,pax_t123,pairdiff,4903691.0,0.26409507110851355
2021-07,S2A_48NUG_20210729_1_L2A,pax_t4,pairdiff,1533026.0,0.14305214305214306
2021-07,S2A_48NUG_20210729_1_L2A,airfield,pairdiff,,0.304904809313855
2021-08,S2A_48NUG_20210828_0_L2A,west_cargo,stock_bright,2056.0,0.5406060606060606
2021-08,S2A_48NUG_20210828_0_L2A,east_cargo,stock_bright,2292.0,0.5505658999634904
2021-08,S2A_48NUG_20210828_0_L2A,pax_t123,stock_bright,1764.0,0.3333722969023963
2021-08,S2A_48NUG_20210828_0_L2A,pax_t4,stock_bright,1770.0,0.1953771953771954
2021-08,S2A_48NUG_20210828_0_L2A,airfield,stock_bright,1404.0,0.26321189832781355
2021-08,S2A_48NUG_20210828_1_L2A,west_cargo,stock_bright,2066.0,0.8727272727272727
2021-08,S2A_48NUG_20210828_1_L2A,east_cargo,stock_bright,2280.0,0.7669465741754898
2021-08,S2A_48NUG_20210828_1_L2A,pax_t123,stock_bright,1756.0,0.5371127995324372
2021-08,S2A_48NUG_20210828_1_L2A,pax_t4,stock_bright,1762.0,0.2716352716352716
2021-08,S2A_48NUG_20210828_1_L2A,airfield,stock_bright,1390.0,0.3928317451287157
2021-08,S2A_48NUG_20210828_1_L2A,west_cargo,pairdiff,,0.8727272727272727
2021-08,S2A_48NUG_20210828_1_L2A,east_cargo,pairdiff,,0.7669465741754898
2021-08,S2A_48NUG_20210828_1_L2A,pax_t123,pairdiff,,0.5371127995324372
2021-08,S2A_48NUG_20210828_1_L2A,pax_t4,pairdiff,200944.0,0.2716352716352716
2021-08,S2A_48NUG_20210828_1_L2A,airfield,pairdiff,,0.3928317451287157
2021-09,S2A_48NUG_20210917_0_L2A,west_cargo,stock_bright,1584.0,0.20636363636363636
2021-09,S2A_48NUG_20210917_0_L2A,east_cargo,stock_bright,1550.0,0.230741146403797
2021-09,S2A_48NUG_20210917_0_L2A,pax_t123,stock_bright,1764.0,0.2178842781998831
2021-09,S2A_48NUG_20210917_0_L2A,pax_t4,stock_bright,1814.0,0.13695513695513695
2021-09,S2A_48NUG_20210917_0_L2A,airfield,stock_bright,1398.0,0.16152955279679784
2021-09,S2A_48NUG_20210917_1_L2A,west_cargo,stock_bright,1536.0,0.016464646464646463
2021-09,S2A_48NUG_20210917_1_L2A,east_cargo,stock_bright,1504.0,0.0
2021-09,S2A_48NUG_20210917_1_L2A,pax_t123,stock_bright,1700.0,0.0035846483537892073
2021-09,S2A_48NUG_20210917_1_L2A,pax_t4,stock_bright,1776.0,0.0
2021-09,S2A_48NUG_20210917_1_L2A,airfield,stock_bright,1360.0,0.06619663937257451
2021-09,S2A_48NUG_20210917_1_L2A,west_cargo,pairdiff,522604.0,0.20636363636363636
2021-09,S2A_48NUG_20210917_1_L2A,east_cargo,pairdiff,408209.0,0.230741146403797
2021-09,S2A_48NUG_20210917_1_L2A,pax_t123,pairdiff,1647724.0,0.2178842781998831
2021-09,S2A_48NUG_20210917_1_L2A,pax_t4,pairdiff,456508.0,0.13695513695513695
2021-09,S2A_48NUG_20210917_1_L2A,airfield,pairdiff,8824710.0,0.16152955279679784
2021-10,S2A_48NUG_20211027_0_L2A,west_cargo,stock_bright,9656.0,0.9646464646464646
2021-10,S2A_48NUG_20211027_0_L2A,east_cargo,stock_bright,7168.0,0.8981380065717415
2021-10,S2A_48NUG_20211027_0_L2A,pax_t123,stock_bright,3046.0,0.7521917007597896
2021-10,S2A_48NUG_20211027_0_L2A,pax_t4,stock_bright,1560.0,0.3346983346983347
2021-10,S2A_48NUG_20211027_0_L2A,airfield,stock_bright,3002.0,0.6498770749944125
2021-10,S2A_48NUG_20211027_1_L2A,west_cargo,stock_bright,9720.0,1.0
2021-10,S2A_48NUG_20211027_1_L2A,east_cargo,stock_bright,7208.0,1.0
2021-10,S2A_48NUG_20211027_1_L2A,pax_t123,stock_bright,2972.0,0.7117475160724722
2021-10,S2A_48NUG_20211027_1_L2A,pax_t4,stock_bright,1464.0,0.0
2021-10,S2A_48NUG_20211027_1_L2A,airfield,stock_bright,2910.0,0.565546457524839
2021-10,S2A_48NUG_20211027_1_L2A,west_cargo,pairdiff,,1.0
2021-10,S2A_48NUG_20211027_1_L2A,east_cargo,pairdiff,,1.0
2021-10,S2A_48NUG_20211027_1_L2A,pax_t123,pairdiff,,0.7521917007597896
2021-10,S2A_48NUG_20211027_1_L2A,pax_t4,pairdiff,,0.3346983346983347
2021-10,S2A_48NUG_20211027_1_L2A,airfield,pairdiff,,0.6498770749944125
2021-11,S2A_48NUG_20211116_0_L2A,west_cargo,stock_bright,1465.0,0.18565656565656566
2021-11,S2A_48NUG_20211116_0_L2A,east_cargo,stock_bright,1488.0,0.20640136302786904
2021-11,S2A_48NUG_20211116_0_L2A,pax_t123,stock_bright,1710.0,0.22965127605688682
2021-11,S2A_48NUG_20211116_0_L2A,pax_t4,stock_bright,1322.0,0.19455819455819456
2021-11,S2A_48NUG_20211116_0_L2A,airfield,stock_bright,1246.0,0.12153321006969137
2022-01,S2A_48NUG_20220105_0_L2A,west_cargo,stock_bright,2912.0,0.9753535353535353
2022-01,S2A_48NUG_20220105_0_L2A,east_cargo,stock_bright,2646.0,0.9700620664476086
2022-01,S2A_48NUG_20220105_0_L2A,pax_t123,stock_bright,1690.0,0.6309370738359634
2022-01,S2A_48NUG_20220105_0_L2A,pax_t4,stock_bright,2084.0,0.8254618254618254
2022-01,S2A_48NUG_20220105_0_L2A,airfield,stock_bright,2104.0,0.7963508543795843
2022-01,S2A_48NUG_20220115_0_L2A,west_cargo,stock_bright,1432.0,0.17393939393939395
2022-01,S2A_48NUG_20220115_0_L2A,east_cargo,stock_bright,1576.0,0.10855543385663867
2022-01,S2A_48NUG_20220115_0_L2A,pax_t123,stock_bright,1626.0,0.21827391389051237
2022-01,S2A_48NUG_20220115_0_L2A,pax_t4,stock_bright,1924.0,0.11083811083811083
2022-01,S2A_48NUG_20220115_0_L2A,airfield,stock_bright,1242.0,0.10189568644980393
2022-01,S2A_48NUG_20220115_0_L2A,west_cargo,pairdiff,,0.9753535353535353
2022-01,S2A_48NUG_20220115_0_L2A,east_cargo,pairdiff,,0.9700620664476086
2022-01,S2A_48NUG_20220115_0_L2A,pax_t123,pairdiff,,0.6309370738359634
2022-01,S2A_48NUG_20220115_0_L2A,pax_t4,pairdiff,,0.8254618254618254
2022-01,S2A_48NUG_20220115_0_L2A,airfield,pairdiff,,0.7963508543795843
2022-02,S2A_48NUG_20220214_0_L2A,west_cargo,stock_bright,2978.0,1.0
2022-02,S2A_48NUG_20220214_0_L2A,east_cargo,stock_bright,4528.0,1.0
2022-02,S2A_48NUG_20220214_0_L2A,pax_t123,stock_bright,3554.0,1.0
2022-02,S2A_48NUG_20220214_0_L2A,pax_t4,stock_bright,3636.0,1.0
2022-02,S2A_48NUG_20220214_0_L2A,airfield,stock_bright,3700.0,0.9874941585224617
2022-03,S2A_48NUG_20220316_0_L2A,west_cargo,stock_bright,1249.0,0.0
2022-03,S2A_48NUG_20220316_0_L2A,east_cargo,stock_bright,1436.0,0.011926493854204698
2022-03,S2A_48NUG_20220316_0_L2A,pax_t123,stock_bright,1608.0,0.00015585427625170465
2022-03,S2A_48NUG_20220316_0_L2A,pax_t4,stock_bright,1240.0,0.0
2022-03,S2A_48NUG_20220316_0_L2A,airfield,stock_bright,1132.0,0.004470000203181827
2022-03,S2A_48NUG_20220326_0_L2A,west_cargo,stock_bright,1617.0,0.0
2022-03,S2A_48NUG_20220326_0_L2A,east_cargo,stock_bright,1628.0,0.0
2022-03,S2A_48NUG_20220326_0_L2A,pax_t123,stock_bright,1832.0,0.0974089226573154
2022-03,S2A_48NUG_20220326_0_L2A,pax_t4,stock_bright,1436.0,0.0
2022-03,S2A_48NUG_20220326_0_L2A,airfield,stock_bright,1344.0,0.05800841172765508
2022-03,S2A_48NUG_20220326_0_L2A,west_cargo,pairdiff,4091522.0,0.0
2022-03,S2A_48NUG_20220326_0_L2A,east_cargo,pairdiff,3447317.0,0.011926493854204698
2022-03,S2A_48NUG_20220326_0_L2A,pax_t123,pairdiff,10794723.0,0.0974089226573154
2022-03,S2A_48NUG_20220326_0_L2A,pax_t4,pairdiff,3255066.0,0.0
2022-03,S2A_48NUG_20220326_0_L2A,airfield,pairdiff,79515960.0,0.05800841172765508
2022-05,S2A_48NUG_20220515_0_L2A,west_cargo,stock_bright,1698.0,0.525959595959596
2022-05,S2A_48NUG_20220515_0_L2A,east_cargo,stock_bright,1530.0,0.03164171838870634
2022-05,S2A_48NUG_20220515_0_L2A,pax_t123,stock_bright,1668.0,0.0434833430742256
2022-05,S2A_48NUG_20220515_0_L2A,pax_t4,stock_bright,1198.0,0.0
2022-05,S2A_48NUG_20220515_0_L2A,airfield,stock_bright,1426.0,0.18941625860982994
2022-06,S2A_48NUG_20220614_0_L2A,west_cargo,stock_bright,2984.0,0.9716161616161616
2022-06,S2A_48NUG_20220614_0_L2A,east_cargo,stock_bright,2708.0,0.8823171473773883
2022-06,S2A_48NUG_20220614_0_L2A,pax_t123,stock_bright,2136.0,0.7180596142606662
2022-06,S2A_48NUG_20220614_0_L2A,pax_t4,stock_bright,1718.0,0.5635635635635635
2022-06,S2A_48NUG_20220614_0_L2A,airfield,stock_bright,1584.0,0.5574191844281448
2022-07,S2A_48NUG_20220704_0_L2A,west_cargo,stock_bright,2778.0,0.9754545454545455
2022-07,S2A_48NUG_20220704_0_L2A,east_cargo,stock_bright,4100.0,0.9634903249361081
2022-07,S2A_48NUG_20220704_0_L2A,pax_t123,stock_bright,1926.0,0.716656925774401
2022-07,S2A_48NUG_20220704_0_L2A,pax_t4,stock_bright,1642.0,0.5322595322595323
2022-07,S2A_48NUG_20220704_0_L2A,airfield,stock_bright,2084.0,0.734288965194953
2022-10,S2A_48NUG_20221022_0_L2A,west_cargo,stock_bright,1462.0,0.0
2022-10,S2A_48NUG_20221022_0_L2A,east_cargo,stock_bright,1510.0,0.0
2022-10,S2A_48NUG_20221022_0_L2A,pax_t123,stock_bright,1766.0,0.09436976427040716
2022-10,S2A_48NUG_20221022_0_L2A,pax_t4,stock_bright,1604.0,0.055965055965055965
2022-10,S2A_48NUG_20221022_0_L2A,airfield,stock_bright,1356.0,0.19893532722433305
2022-11,S2A_48NUG_20221121_0_L2A,west_cargo,stock_bright,1340.0,0.0
2022-11,S2A_48NUG_20221121_0_L2A,east_cargo,stock_bright,1430.0,0.0
2022-11,S2A_48NUG_20221121_0_L2A,pax_t123,stock_bright,1426.0,0.29807130333138515
2022-11,S2A_48NUG_20221121_0_L2A,pax_t4,stock_bright,992.0,0.5907725907725908
2022-11,S2A_48NUG_20221121_0_L2A,airfield,stock_bright,1036.0,0.26895178495235383
2022-12,S2A_48NUG_20221201_0_L2A,west_cargo,stock_bright,7216.0,1.0
2022-12,S2A_48NUG_20221201_0_L2A,east_cargo,stock_bright,7408.0,1.0
2022-12,S2A_48NUG_20221201_0_L2A,pax_t123,stock_bright,6984.0,1.0
2022-12,S2A_48NUG_20221201_0_L2A,pax_t4,stock_bright,7456.0,1.0
2022-12,S2A_48NUG_20221201_0_L2A,airfield,stock_bright,7264.0,1.0
2022-12,S2A_48NUG_20221231_0_L2A,west_cargo,stock_bright,4686.0,0.9880808080808081
2022-12,S2A_48NUG_20221231_0_L2A,east_cargo,stock_bright,9032.0,1.0
2022-12,S2A_48NUG_20221231_0_L2A,pax_t123,stock_bright,3108.0,0.925579583089811
2022-12,S2A_48NUG_20221231_0_L2A,pax_t4,stock_bright,1648.0,0.2163982163982164
2022-12,S2A_48NUG_20221231_0_L2A,airfield,stock_bright,2866.0,0.7381900562813662
2022-12,S2A_48NUG_20221231_0_L2A,west_cargo,pairdiff,,1.0
2022-12,S2A_48NUG_20221231_0_L2A,east_cargo,pairdiff,,1.0
2022-12,S2A_48NUG_20221231_0_L2A,pax_t123,pairdiff,,1.0
2022-12,S2A_48NUG_20221231_0_L2A,pax_t4,pairdiff,,1.0
2022-12,S2A_48NUG_20221231_0_L2A,airfield,pairdiff,,1.0
2023-01,S2A_48NUG_20230110_0_L2A,west_cargo,stock_bright,1846.0,0.5322222222222223
2023-01,S2A_48NUG_20230110_0_L2A,east_cargo,stock_bright,2028.0,0.5340148472678593
2023-01,S2A_48NUG_20230110_0_L2A,pax_t123,stock_bright,3272.0,0.9306838106370544
2023-01,S2A_48NUG_20230110_0_L2A,pax_t4,stock_bright,1590.0,0.01929201929201929
2023-01,S2A_48NUG_20230110_0_L2A,airfield,stock_bright,2218.0,0.5801958672816303
2023-02,S2A_48NUG_20230219_0_L2A,west_cargo,stock_bright,1394.0,0.08828282828282828
2023-02,S2A_48NUG_20230219_0_L2A,east_cargo,stock_bright,1606.0,0.07301935012778386
2023-02,S2A_48NUG_20230219_0_L2A,pax_t123,stock_bright,1632.0,0.05189947399181765
2023-02,S2A_48NUG_20230219_0_L2A,pax_t4,stock_bright,1592.0,0.0
2023-02,S2A_48NUG_20230219_0_L2A,airfield,stock_bright,1176.0,0.016986000772090944
2023-04,S2A_48NUG_20230410_0_L2A,west_cargo,stock_bright,1322.0,0.0
2023-04,S2A_48NUG_20230410_0_L2A,east_cargo,stock_bright,1476.0,0.0
2023-04,S2A_48NUG_20230410_0_L2A,pax_t123,stock_bright,1550.0,0.0
2023-04,S2A_48NUG_20230410_0_L2A,pax_t4,stock_bright,1372.0,0.0
2023-04,S2A_48NUG_20230410_0_L2A,airfield,stock_bright,1162.0,0.004439522929069224
2023-05,S2A_48NUG_20230510_0_L2A,west_cargo,stock_bright,1470.0,0.1396969696969697
2023-05,S2A_48NUG_20230510_0_L2A,east_cargo,stock_bright,1458.0,0.0
2023-05,S2A_48NUG_20230510_0_L2A,pax_t123,stock_bright,1576.0,0.0
2023-05,S2A_48NUG_20230510_0_L2A,pax_t4,stock_bright,1438.0,0.0
2023-05,S2A_48NUG_20230510_0_L2A,airfield,stock_bright,1296.0,0.10389702744986488
2023-05,S2A_48NUG_20230530_0_L2A,west_cargo,stock_bright,1314.0,0.032525252525252527
2023-05,S2A_48NUG_20230530_0_L2A,east_cargo,stock_bright,1486.0,0.02750395521479859
2023-05,S2A_48NUG_20230530_0_L2A,pax_t123,stock_bright,1590.0,0.026027664134034678
2023-05,S2A_48NUG_20230530_0_L2A,pax_t4,stock_bright,1358.0,0.07225407225407225
2023-05,S2A_48NUG_20230530_0_L2A,airfield,stock_bright,1118.0,0.029796614990755227
2023-05,S2A_48NUG_20230530_0_L2A,west_cargo,pairdiff,2580387.0,0.1396969696969697
2023-05,S2A_48NUG_20230530_0_L2A,east_cargo,pairdiff,1631385.0,0.02750395521479859
2023-05,S2A_48NUG_20230530_0_L2A,pax_t123,pairdiff,3974032.0,0.026027664134034678
2023-05,S2A_48NUG_20230530_0_L2A,pax_t4,pairdiff,3011471.0,0.07225407225407225
2023-05,S2A_48NUG_20230530_0_L2A,airfield,pairdiff,85282688.0,0.10389702744986488
2023-06,S2A_48NUG_20230619_0_L2A,west_cargo,stock_bright,1236.0,0.010505050505050505
2023-06,S2A_48NUG_20230619_0_L2A,east_cargo,stock_bright,1114.0,0.0
2023-06,S2A_48NUG_20230619_0_L2A,pax_t123,stock_bright,2132.0,0.5761932593025522
2023-06,S2A_48NUG_20230619_0_L2A,pax_t4,stock_bright,1356.0,0.1648011648011648
2023-06,S2A_48NUG_20230619_0_L2A,airfield,stock_bright,1186.0,0.29020460410020926
2023-06,S2A_48NUG_20230629_0_L2A,west_cargo,stock_bright,1336.0,0.0012121212121212121
2023-06,S2A_48NUG_20230629_0_L2A,east_cargo,stock_bright,1328.0,0.0009735913350371182
2023-06,S2A_48NUG_20230629_0_L2A,pax_t123,stock_bright,1592.0,0.0
2023-06,S2A_48NUG_20230629_0_L2A,pax_t4,stock_bright,1246.0,0.0
2023-06,S2A_48NUG_20230629_0_L2A,airfield,stock_bright,1051.0,0.007558363979925636
2023-06,S2A_48NUG_20230629_0_L2A,west_cargo,pairdiff,2737794.0,0.010505050505050505
2023-06,S2A_48NUG_20230629_0_L2A,east_cargo,pairdiff,3162218.0,0.0009735913350371182
2023-06,S2A_48NUG_20230629_0_L2A,pax_t123,pairdiff,,0.5761932593025522
2023-06,S2A_48NUG_20230629_0_L2A,pax_t4,pairdiff,3251045.0,0.1648011648011648
2023-06,S2A_48NUG_20230629_0_L2A,airfield,pairdiff,177913184.0,0.29020460410020926
2023-08,S2A_48NUG_20230808_0_L2A,west_cargo,stock_bright,7512.0,1.0
2023-08,S2A_48NUG_20230808_0_L2A,east_cargo,stock_bright,6192.0,1.0
2023-08,S2A_48NUG_20230808_0_L2A,pax_t123,stock_bright,5220.0,0.9295538671342295
2023-08,S2A_48NUG_20230808_0_L2A,pax_t4,stock_bright,2708.0,0.9224679224679224
2023-08,S2A_48NUG_20230808_0_L2A,airfield,stock_bright,3836.0,0.6853221447873702
2023-09,S2A_48NUG_20230917_0_L2A,west_cargo,stock_bright,1466.0,0.10424242424242425
2023-09,S2A_48NUG_20230917_0_L2A,east_cargo,stock_bright,1580.0,0.04965315808689302
2023-09,S2A_48NUG_20230917_0_L2A,pax_t123,stock_bright,1660.0,0.02711864406779661
2023-09,S2A_48NUG_20230917_0_L2A,pax_t4,stock_bright,1450.0,0.0
2023-09,S2A_48NUG_20230917_0_L2A,airfield,stock_bright,1282.0,0.07899709449986793
2023-09,S2A_48NUG_20230927_0_L2A,west_cargo,stock_bright,1394.0,0.0
2023-09,S2A_48NUG_20230927_0_L2A,east_cargo,stock_bright,1530.0,0.0
2023-09,S2A_48NUG_20230927_0_L2A,pax_t123,stock_bright,1600.0,0.0
2023-09,S2A_48NUG_20230927_0_L2A,pax_t4,stock_bright,1344.0,0.0
2023-09,S2A_48NUG_20230927_0_L2A,airfield,stock_bright,1234.0,0.030446796838490765
2023-09,S2A_48NUG_20230927_0_L2A,west_cargo,pairdiff,2142782.0,0.10424242424242425
2023-09,S2A_48NUG_20230927_0_L2A,east_cargo,pairdiff,2127527.0,0.04965315808689302
2023-09,S2A_48NUG_20230927_0_L2A,pax_t123,pairdiff,5145543.0,0.02711864406779661
2023-09,S2A_48NUG_20230927_0_L2A,pax_t4,pairdiff,2480108.0,0.0
2023-09,S2A_48NUG_20230927_0_L2A,airfield,pairdiff,59086160.0,0.07899709449986793
2023-10,S2A_48NUG_20231007_0_L2A,west_cargo,stock_bright,1670.0,0.008686868686868687
2023-10,S2A_48NUG_20231007_0_L2A,east_cargo,stock_bright,1702.0,0.0
2023-10,S2A_48NUG_20231007_0_L2A,pax_t123,stock_bright,1986.0,0.22170270796804986
2023-10,S2A_48NUG_20231007_0_L2A,pax_t4,stock_bright,1718.0,0.0
2023-10,S2A_48NUG_20231007_0_L2A,airfield,stock_bright,1666.0,0.11020582319117378
2023-11,S2A_48NUG_20231106_0_L2A,west_cargo,stock_bright,1420.0,0.0
2023-11,S2A_48NUG_20231106_0_L2A,east_cargo,stock_bright,1570.0,0.0
2023-11,S2A_48NUG_20231106_0_L2A,pax_t123,stock_bright,1642.0,0.0
2023-11,S2A_48NUG_20231106_0_L2A,pax_t4,stock_bright,1650.0,0.0
2023-11,S2A_48NUG_20231106_0_L2A,airfield,stock_bright,1220.0,0.0
2023-12,S2A_48NUG_20231206_0_L2A,west_cargo,stock_bright,2288.0,0.9929292929292929
2023-12,S2A_48NUG_20231206_0_L2A,east_cargo,stock_bright,2092.0,1.0
2023-12,S2A_48NUG_20231206_0_L2A,pax_t123,stock_bright,2458.0,0.9756867329047341
2023-12,S2A_48NUG_20231206_0_L2A,pax_t4,stock_bright,1994.0,0.9952679952679953
2023-12,S2A_48NUG_20231206_0_L2A,airfield,stock_bright,2166.0,0.9502610886482313
2023-12,S2A_48NUG_20231216_0_L2A,west_cargo,stock_bright,1474.0,0.0
2023-12,S2A_48NUG_20231216_0_L2A,east_cargo,stock_bright,1620.0,0.0
2023-12,S2A_48NUG_20231216_0_L2A,pax_t123,stock_bright,1762.0,0.0003117085525034093
2023-12,S2A_48NUG_20231216_0_L2A,pax_t4,stock_bright,1368.0,0.14205114205114205
2023-12,S2A_48NUG_20231216_0_L2A,airfield,stock_bright,1302.0,0.13564418798382671
2023-12,S2A_48NUG_20231216_0_L2A,west_cargo,pairdiff,,0.9929292929292929
2023-12,S2A_48NUG_20231216_0_L2A,east_cargo,pairdiff,,1.0
2023-12,S2A_48NUG_20231216_0_L2A,pax_t123,pairdiff,,0.9756867329047341
2023-12,S2A_48NUG_20231216_0_L2A,pax_t4,pairdiff,,0.9952679952679953
2023-12,S2A_48NUG_20231216_0_L2A,airfield,pairdiff,,0.9502610886482313
2024-02,S2A_48NUG_20240204_0_L2A,west_cargo,stock_bright,1844.0,0.8594949494949495
2024-02,S2A_48NUG_20240204_0_L2A,east_cargo,stock_bright,2036.0,0.9827187538030911
2024-02,S2A_48NUG_20240204_0_L2A,pax_t123,stock_bright,1624.0,0.31992986557568676
2024-02,S2A_48NUG_20240204_0_L2A,pax_t4,stock_bright,2132.0,0.973973973973974
2024-02,S2A_48NUG_20240204_0_L2A,airfield,stock_bright,1584.0,0.5114797732490806
2024-03,S2A_48NUG_20240325_0_L2A,west_cargo,stock_bright,1606.0,0.5143434343434343
2024-03,S2A_48NUG_20240325_0_L2A,east_cargo,stock_bright,2138.0,0.6115370573201898
2024-03,S2A_48NUG_20240325_0_L2A,pax_t123,stock_bright,2122.0,0.5988310929281122
2024-03,S2A_48NUG_20240325_0_L2A,pax_t4,stock_bright,1694.0,0.30867230867230866
2024-03,S2A_48NUG_20240325_0_L2A,airfield,stock_bright,1662.0,0.4109352459516021
2024-04,S2A_48NUG_20240404_0_L2A,west_cargo,stock_bright,1580.0,0.0
2024-04,S2A_48NUG_20240404_0_L2A,east_cargo,stock_bright,1740.0,0.0
2024-04,S2A_48NUG_20240404_0_L2A,pax_t123,stock_bright,2424.0,0.7901032534580168
2024-04,S2A_48NUG_20240404_0_L2A,pax_t4,stock_bright,2192.0,0.0
2024-04,S2A_48NUG_20240404_0_L2A,airfield,stock_bright,1614.0,0.21545400979336407
2024-05,S2A_48NUG_20240514_0_L2A,west_cargo,stock_bright,1350.0,0.0
2024-05,S2A_48NUG_20240514_0_L2A,east_cargo,stock_bright,1538.0,0.0
2024-05,S2A_48NUG_20240514_0_L2A,pax_t123,stock_bright,1798.0,0.27009546074420415
2024-05,S2A_48NUG_20240514_0_L2A,pax_t4,stock_bright,1192.0,0.04832104832104832
2024-05,S2A_48NUG_20240514_0_L2A,airfield,stock_bright,1222.0,0.2456671475303249
2024-06,S2A_48NUG_20240603_0_L2A,west_cargo,stock_bright,5360.0,1.0
2024-06,S2A_48NUG_20240603_0_L2A,east_cargo,stock_bright,2498.0,0.88852379213825
2024-06,S2A_48NUG_20240603_0_L2A,pax_t123,stock_bright,2248.0,0.7979349308396649
2024-06,S2A_48NUG_20240603_0_L2A,pax_t4,stock_bright,1540.0,0.35244335244335245
2024-06,S2A_48NUG_20240603_0_L2A,airfield,stock_bright,2026.0,0.6327894833086128
2024-06,S2A_48NUG_20240613_0_L2A,west_cargo,stock_bright,4512.0,1.0
2024-06,S2A_48NUG_20240613_0_L2A,east_cargo,stock_bright,1964.0,0.5971765851283923
2024-06,S2A_48NUG_20240613_0_L2A,pax_t123,stock_bright,3768.0,0.9355542567699201
2024-06,S2A_48NUG_20240613_0_L2A,pax_t4,stock_bright,1498.0,0.29311129311129314
2024-06,S2A_48NUG_20240613_0_L2A,airfield,stock_bright,1970.0,0.5820854582766117
2024-06,S2A_48NUG_20240613_0_L2A,west_cargo,pairdiff,,1.0
2024-06,S2A_48NUG_20240613_0_L2A,east_cargo,pairdiff,,0.88852379213825
2024-06,S2A_48NUG_20240613_0_L2A,pax_t123,pairdiff,,0.9355542567699201
2024-06,S2A_48NUG_20240613_0_L2A,pax_t4,pairdiff,,0.35244335244335245
2024-06,S2A_48NUG_20240613_0_L2A,airfield,pairdiff,,0.6327894833086128
2024-07,S2A_48NUG_20240703_0_L2A,west_cargo,stock_bright,5732.0,0.9832323232323232
2024-07,S2A_48NUG_20240703_0_L2A,east_cargo,stock_bright,2476.0,0.9420713155652914
2024-07,S2A_48NUG_20240703_0_L2A,pax_t123,stock_bright,1936.0,0.7159555815312683
2024-07,S2A_48NUG_20240703_0_L2A,pax_t4,stock_bright,1212.0,0.2913822913822914
2024-07,S2A_48NUG_20240703_0_L2A,airfield,stock_bright,1632.0,0.6495215067964322
2024-08,S2A_48NUG_20240812_0_L2A,west_cargo,stock_bright,1344.0,0.2821212121212121
2024-08,S2A_48NUG_20240812_0_L2A,east_cargo,stock_bright,1678.0,0.833759279542412
2024-08,S2A_48NUG_20240812_0_L2A,pax_t123,stock_bright,1160.0,0.06584843171634522
2024-08,S2A_48NUG_20240812_0_L2A,pax_t4,stock_bright,1668.0,0.5193375193375194
2024-08,S2A_48NUG_20240812_0_L2A,airfield,stock_bright,1388.0,0.33891744722352035
2024-08,S2A_48NUG_20240822_0_L2A,west_cargo,stock_bright,1340.0,0.0
2024-08,S2A_48NUG_20240822_0_L2A,east_cargo,stock_bright,1554.0,0.0
2024-08,S2A_48NUG_20240822_0_L2A,pax_t123,stock_bright,1538.0,0.00015585427625170465
2024-08,S2A_48NUG_20240822_0_L2A,pax_t4,stock_bright,1498.0,0.0
2024-08,S2A_48NUG_20240822_0_L2A,airfield,stock_bright,1062.0,4.063636548347116e-05
2024-08,S2A_48NUG_20240822_0_L2A,west_cargo,pairdiff,4215903.0,0.2821212121212121
2024-08,S2A_48NUG_20240822_0_L2A,east_cargo,pairdiff,,0.833759279542412
2024-08,S2A_48NUG_20240822_0_L2A,pax_t123,pairdiff,12932008.0,0.06584843171634522
2024-08,S2A_48NUG_20240822_0_L2A,pax_t4,pairdiff,,0.5193375193375194
2024-08,S2A_48NUG_20240822_0_L2A,airfield,pairdiff,,0.33891744722352035
2024-09,S2A_48NUG_20240901_0_L2A,west_cargo,stock_bright,3208.0,0.9849494949494949
2024-09,S2A_48NUG_20240901_0_L2A,east_cargo,stock_bright,7376.0,0.9992698064987222
2024-09,S2A_48NUG_20240901_0_L2A,pax_t123,stock_bright,5116.0,1.0
2024-09,S2A_48NUG_20240901_0_L2A,pax_t4,stock_bright,2358.0,0.7253617253617254
2024-09,S2A_48NUG_20240901_0_L2A,airfield,stock_bright,3240.0,0.7957819452628156
2024-10,S2A_48NUG_20241011_0_L2A,west_cargo,stock_bright,1364.0,0.953030303030303
2024-10,S2A_48NUG_20241011_0_L2A,east_cargo,stock_bright,2968.0,0.9616648411829135
2024-10,S2A_48NUG_20241011_0_L2A,pax_t123,stock_bright,1942.0,0.33154100915643875
2024-10,S2A_48NUG_20241011_0_L2A,pax_t4,stock_bright,2364.0,0.9861679861679862
2024-10,S2A_48NUG_20241011_0_L2A,airfield,stock_bright,1704.0,0.5301420240973648
2024-10,S2A_48NUG_20241021_1_L2A,west_cargo,stock_bright,2021.0,0.8538383838383838
2024-10,S2A_48NUG_20241021_1_L2A,east_cargo,stock_bright,2216.0,0.8016307654861872
2024-10,S2A_48NUG_20241021_1_L2A,pax_t123,stock_bright,4308.0,0.9840249366842003
2024-10,S2A_48NUG_20241021_1_L2A,pax_t4,stock_bright,2806.0,0.994903994903995
2024-10,S2A_48NUG_20241021_1_L2A,airfield,stock_bright,2736.0,0.6912855314220696
2024-10,S2A_48NUG_20241021_1_L2A,west_cargo,pairdiff,,0.953030303030303
2024-10,S2A_48NUG_20241021_1_L2A,east_cargo,pairdiff,,0.9616648411829135
2024-10,S2A_48NUG_20241021_1_L2A,pax_t123,pairdiff,,0.9840249366842003
2024-10,S2A_48NUG_20241021_1_L2A,pax_t4,pairdiff,,0.994903994903995
2024-10,S2A_48NUG_20241021_1_L2A,airfield,pairdiff,,0.6912855314220696
2024-11,S2A_48NUG_20241110_0_L2A,west_cargo,stock_bright,0.0,0.0
2024-11,S2A_48NUG_20241110_0_L2A,east_cargo,stock_bright,0.0,0.0
2024-11,S2A_48NUG_20241110_0_L2A,pax_t123,stock_bright,0.0,0.0
2024-11,S2A_48NUG_20241110_0_L2A,pax_t4,stock_bright,0.0,0.0
2024-11,S2A_48NUG_20241110_0_L2A,airfield,stock_bright,0.0,0.0
2024-11,S2A_48NUG_20241110_1_L2A,west_cargo,stock_bright,1800.0,1.0
2024-11,S2A_48NUG_20241110_1_L2A,east_cargo,stock_bright,1970.0,1.0
2024-11,S2A_48NUG_20241110_1_L2A,pax_t123,stock_bright,1846.0,1.0
2024-11,S2A_48NUG_20241110_1_L2A,pax_t4,stock_bright,1984.0,1.0
2024-11,S2A_48NUG_20241110_1_L2A,airfield,stock_bright,2136.0,1.0
2024-11,S2A_48NUG_20241110_1_L2A,west_cargo,pairdiff,,1.0
2024-11,S2A_48NUG_20241110_1_L2A,east_cargo,pairdiff,,1.0
2024-11,S2A_48NUG_20241110_1_L2A,pax_t123,pairdiff,,1.0
2024-11,S2A_48NUG_20241110_1_L2A,pax_t4,pairdiff,,1.0
2024-11,S2A_48NUG_20241110_1_L2A,airfield,pairdiff,,1.0
2025-01,S2A_48NUG_20250109_0_L2A,west_cargo,stock_bright,1374.0,0.0
2025-01,S2A_48NUG_20250109_0_L2A,east_cargo,stock_bright,1440.0,0.0
2025-01,S2A_48NUG_20250109_0_L2A,pax_t123,stock_bright,1560.0,0.0
2025-01,S2A_48NUG_20250109_0_L2A,pax_t4,stock_bright,1842.0,0.3821093821093821
2025-01,S2A_48NUG_20250109_0_L2A,airfield,stock_bright,1212.0,0.09213279964239998
2025-05,S2A_48NUG_20250501_0_L2A,west_cargo,stock_bright,8416.0,1.0
2025-05,S2A_48NUG_20250501_0_L2A,east_cargo,stock_bright,2652.0,0.7294633077765608
2025-05,S2A_48NUG_20250501_0_L2A,pax_t123,stock_bright,10344.0,1.0
2025-05,S2A_48NUG_20250501_0_L2A,pax_t4,stock_bright,1740.0,0.4407134407134407
2025-05,S2A_48NUG_20250501_0_L2A,airfield,stock_bright,3472.0,0.7258772375398744
2025-05,S2A_48NUG_20250521_0_L2A,west_cargo,stock_bright,4792.0,0.945050505050505
2025-05,S2A_48NUG_20250521_0_L2A,east_cargo,stock_bright,2120.0,0.7164415236704393
2025-05,S2A_48NUG_20250521_0_L2A,pax_t123,stock_bright,2000.0,0.694993181375414
2025-05,S2A_48NUG_20250521_0_L2A,pax_t4,stock_bright,1382.0,0.2246792246792247
2025-05,S2A_48NUG_20250521_0_L2A,airfield,stock_bright,1800.0,0.6115976187089827
2025-05,S2A_48NUG_20250521_0_L2A,west_cargo,pairdiff,,1.0
2025-05,S2A_48NUG_20250521_0_L2A,east_cargo,pairdiff,,0.7294633077765608
2025-05,S2A_48NUG_20250521_0_L2A,pax_t123,pairdiff,,1.0
2025-05,S2A_48NUG_20250521_0_L2A,pax_t4,pairdiff,,0.4407134407134407
2025-05,S2A_48NUG_20250521_0_L2A,airfield,pairdiff,,0.7258772375398744
2025-06,S2A_48NUG_20250630_0_L2A,west_cargo,stock_bright,2177.0,0.8796969696969696
2025-06,S2A_48NUG_20250630_0_L2A,east_cargo,stock_bright,2272.0,0.9868565169769989
2025-06,S2A_48NUG_20250630_0_L2A,pax_t123,stock_bright,1888.0,0.6060783167738165
2025-06,S2A_48NUG_20250630_0_L2A,pax_t4,stock_bright,3176.0,0.8526708526708526
2025-06,S2A_48NUG_20250630_0_L2A,airfield,stock_bright,2476.0,0.7875835585265254
2025-08,S2A_48NUG_20250809_0_L2A,west_cargo,stock_bright,1378.0,0.0
2025-08,S2A_48NUG_20250809_0_L2A,east_cargo,stock_bright,1438.0,0.0
2025-08,S2A_48NUG_20250809_0_L2A,pax_t123,stock_bright,1534.0,0.0
2025-08,S2A_48NUG_20250809_0_L2A,pax_t4,stock_bright,1722.0,0.0
2025-08,S2A_48NUG_20250809_0_L2A,airfield,stock_bright,1090.0,0.010799114127232461
2025-09,S2A_48NUG_20250918_0_L2A,west_cargo,stock_bright,1465.0,0.676969696969697
2025-09,S2A_48NUG_20250918_0_L2A,east_cargo,stock_bright,2054.0,0.39527808202507
2025-09,S2A_48NUG_20250918_0_L2A,pax_t123,stock_bright,1742.0,0.34626923826222483
2025-09,S2A_48NUG_20250918_0_L2A,pax_t4,stock_bright,1650.0,0.6402766402766403
2025-09,S2A_48NUG_20250918_0_L2A,airfield,stock_bright,1320.0,0.29857569538980433
2025-10,S2A_48NUG_20251008_0_L2A,west_cargo,stock_bright,1524.0,0.0
2025-10,S2A_48NUG_20251008_0_L2A,east_cargo,stock_bright,1562.0,0.0
2025-10,S2A_48NUG_20251008_0_L2A,pax_t123,stock_bright,1630.0,0.0
2025-10,S2A_48NUG_20251008_0_L2A,pax_t4,stock_bright,1754.0,0.0
2025-10,S2A_48NUG_20251008_0_L2A,airfield,stock_bright,1366.0,0.05390413881382449
2025-11,S2A_48NUG_20251117_0_L2A,west_cargo,stock_bright,9296.0,1.0
2025-11,S2A_48NUG_20251117_0_L2A,east_cargo,stock_bright,12024.0,1.0
2025-11,S2A_48NUG_20251117_0_L2A,pax_t123,stock_bright,2116.0,0.6251704656146503
2025-11,S2A_48NUG_20251117_0_L2A,pax_t4,stock_bright,4884.0,0.9448539448539448
2025-11,S2A_48NUG_20251117_0_L2A,airfield,stock_bright,2866.0,0.6973098726049942
2026-04,S2A_48NUG_20260416_0_L2A,west_cargo,stock_bright,1442.0,0.0
2026-04,S2A_48NUG_20260416_0_L2A,east_cargo,stock_bright,1525.0,0.0
2026-04,S2A_48NUG_20260416_0_L2A,pax_t123,stock_bright,1681.0,0.07153711279953244
2026-04,S2A_48NUG_20260416_0_L2A,pax_t4,stock_bright,2220.0,0.0
2026-04,S2A_48NUG_20260416_0_L2A,airfield,stock_bright,1316.0,0.022045228274783103
2026-07,S2A_48NUG_20260705_0_L2A,west_cargo,stock_bright,1467.0,0.20363636363636364
2026-07,S2A_48NUG_20260705_0_L2A,east_cargo,stock_bright,1646.0,0.3458683217719362
2026-07,S2A_48NUG_20260705_0_L2A,pax_t123,stock_bright,1458.0,0.22372881355932203
2026-07,S2A_48NUG_20260705_0_L2A,pax_t4,stock_bright,2288.0,0.7410137410137411
2026-07,S2A_48NUG_20260705_0_L2A,airfield,stock_bright,1192.0,0.19815307718877623
2026-08,S2A_48NUG_20260814_0_L2A,west_cargo,stock_bright,1816.0,0.7376767676767677
2026-08,S2A_48NUG_20260814_0_L2A,east_cargo,stock_bright,2438.0,0.9644639162711451
2026-08,S2A_48NUG_20260814_0_L2A,pax_t123,stock_bright,2681.0,0.904461328657705
2026-08,S2A_48NUG_20260814_0_L2A,pax_t4,stock_bright,2581.0,0.7874237874237874
2026-08,S2A_48NUG_20260814_0_L2A,airfield,stock_bright,2156.0,0.6420545746388443
2019-01,S2B_48NUG_20190106_0_L2A,west_cargo,stock_bright,763.0,0.6848484848484848
2019-01,S2B_48NUG_20190106_0_L2A,east_cargo,stock_bright,4640.0,0.8120968723378362
2019-01,S2B_48NUG_20190106_0_L2A,pax_t123,stock_bright,2442.0,0.7959867523865186
2019-01,S2B_48NUG_20190106_0_L2A,pax_t4,stock_bright,1758.0,0.38356538356538356
2019-01,S2B_48NUG_20190106_0_L2A,airfield,stock_bright,1674.0,0.5325294105695186
2019-02,S2B_48NUG_20190225_0_L2A,west_cargo,stock_bright,1518.0,0.18515151515151515
2019-02,S2B_48NUG_20190225_0_L2A,east_cargo,stock_bright,1810.0,0.2772301326518194
2019-02,S2B_48NUG_20190225_0_L2A,pax_t123,stock_bright,1824.0,0.3553087862848237
2019-02,S2B_48NUG_20190225_0_L2A,pax_t4,stock_bright,2764.0,0.036309036309036306
2019-02,S2B_48NUG_20190225_0_L2A,airfield,stock_bright,1510.0,0.21471239612329074
2019-03,S2B_48NUG_20190317_0_L2A,west_cargo,stock_bright,1534.0,0.0024242424242424242
2019-03,S2B_48NUG_20190317_0_L2A,east_cargo,stock_bright,1852.0,0.012413289521723256
2019-03,S2B_48NUG_20190317_0_L2A,pax_t123,stock_bright,2056.0,0.14003506721215664
2019-03,S2B_48NUG_20190317_0_L2A,pax_t4,stock_bright,2610.0,0.005824005824005824
2019-03,S2B_48NUG_20190317_0_L2A,airfield,stock_bright,1592.0,0.030416319564378163
2019-03,S2B_48NUG_20190327_0_L2A,west_cargo,stock_bright,1614.0,0.028585858585858586
2019-03,S2B_48NUG_20190327_0_L2A,east_cargo,stock_bright,1032.0,0.33807959109163926
2019-03,S2B_48NUG_20190327_0_L2A,pax_t123,stock_bright,1476.0,0.18414182739138904
2019-03,S2B_48NUG_20190327_0_L2A,pax_t4,stock_bright,3038.0,0.3458913458913459
2019-03,S2B_48NUG_20190327_0_L2A,airfield,stock_bright,1570.0,0.35143344779242947
2019-03,S2B_48NUG_20190327_0_L2A,west_cargo,pairdiff,2636798.0,0.028585858585858586
2019-03,S2B_48NUG_20190327_0_L2A,east_cargo,pairdiff,,0.33807959109163926
2019-03,S2B_48NUG_20190327_0_L2A,pax_t123,pairdiff,17363182.0,0.18414182739138904
2019-03,S2B_48NUG_20190327_0_L2A,pax_t4,pairdiff,,0.3458913458913459
2019-03,S2B_48NUG_20190327_0_L2A,airfield,pairdiff,,0.35143344779242947
2019-04,S2B_48NUG_20190406_0_L2A,west_cargo,stock_bright,1510.0,0.04929292929292929
2019-04,S2B_48NUG_20190406_0_L2A,east_cargo,stock_bright,1782.0,0.10295728368017525
2019-04,S2B_48NUG_20190406_0_L2A,pax_t123,stock_bright,1858.0,0.1497759594778882
2019-04,S2B_48NUG_20190406_0_L2A,pax_t4,stock_bright,1392.0,0.23842023842023843
2019-04,S2B_48NUG_20190406_0_L2A,airfield,stock_bright,1474.0,0.24192860190584553
2019-04,S2B_48NUG_20190406_1_L2A,west_cargo,stock_bright,1500.0,0.0
2019-04,S2B_48NUG_20190406_1_L2A,east_cargo,stock_bright,1790.0,0.0
2019-04,S2B_48NUG_20190406_1_L2A,pax_t123,stock_bright,1866.0,0.09982466393921684
2019-04,S2B_48NUG_20190406_1_L2A,pax_t4,stock_bright,1400.0,0.3533533533533533
2019-04,S2B_48NUG_20190406_1_L2A,airfield,stock_bright,1478.0,0.29794583172481054
2019-04,S2B_48NUG_20190406_1_L2A,west_cargo,pairdiff,2129147.0,0.04929292929292929
2019-04,S2B_48NUG_20190406_1_L2A,east_cargo,pairdiff,2085559.0,0.10295728368017525
2019-04,S2B_48NUG_20190406_1_L2A,pax_t123,pairdiff,5781973.0,0.1497759594778882
2019-04,S2B_48NUG_20190406_1_L2A,pax_t4,pairdiff,,0.3533533533533533
2019-04,S2B_48NUG_20190406_1_L2A,airfield,pairdiff,37585092.0,0.29794583172481054
2019-04,S2B_48NUG_20190416_0_L2A,west_cargo,stock_bright,1564.0,0.2497979797979798
2019-04,S2B_48NUG_20190416_0_L2A,east_cargo,stock_bright,1820.0,0.354387245953511
2019-04,S2B_48NUG_20190416_0_L2A,pax_t123,stock_bright,1784.0,0.3083576855639977
2019-04,S2B_48NUG_20190416_0_L2A,pax_t4,stock_bright,1782.0,0.06388206388206388
2019-04,S2B_48NUG_20190416_0_L2A,airfield,stock_bright,1334.0,0.12267102830322855
2019-04,S2B_48NUG_20190416_0_L2A,west_cargo,pairdiff,2108923.0,0.2497979797979798
2019-04,S2B_48NUG_20190416_0_L2A,east_cargo,pairdiff,,0.354387245953511
2019-04,S2B_48NUG_20190416_0_L2A,pax_t123,pairdiff,,0.3083576855639977
2019-04,S2B_48NUG_20190416_0_L2A,pax_t4,pairdiff,,0.3533533533533533
2019-04,S2B_48NUG_20190416_0_L2A,airfield,pairdiff,159124432.0,0.29794583172481054
2019-05,S2B_48NUG_20190506_0_L2A,west_cargo,stock_bright,1610.0,0.2693939393939394
2019-05,S2B_48NUG_20190506_0_L2A,east_cargo,stock_bright,1860.0,0.3619325788000487
2019-05,S2B_48NUG_20190506_0_L2A,pax_t123,stock_bright,1732.0,0.2938632378725891
2019-05,S2B_48NUG_20190506_0_L2A,pax_t4,stock_bright,1708.0,0.09227409227409228
2019-05,S2B_48NUG_20190506_0_L2A,airfield,stock_bright,1476.0,0.22925005587500255
2019-05,S2B_48NUG_20190506_1_L2A,west_cargo,stock_bright,1596.0,0.2677777777777778
2019-05,S2B_48NUG_20190506_1_L2A,east_cargo,stock_bright,1842.0,0.3614457831325301
2019-05,S2B_48NUG_20190506_1_L2A,pax_t123,stock_bright,1714.0,0.2896551724137931
2019-05,S2B_48NUG_20190506_1_L2A,pax_t4,stock_bright,1694.0,0.09227409227409228
2019-05,S2B_48NUG_20190506_1_L2A,airfield,stock_bright,1462.0,0.21970050998638682
2019-05,S2B_48NUG_20190506_1_L2A,west_cargo,pairdiff,197722.0,0.2693939393939394
2019-05,S2B_48NUG_20190506_1_L2A,east_cargo,pairdiff,,0.3619325788000487
2019-05,S2B_48NUG_20190506_1_L2A,pax_t123,pairdiff,637817.0,0.2938632378725891
2019-05,S2B_48NUG_20190506_1_L2A,pax_t4,pairdiff,248806.0,0.09227409227409228
2019-05,S2B_48NUG_20190506_1_L2A,airfield,pairdiff,4123063.0,0.22925005587500255
2019-05,S2B_48NUG_20190526_0_L2A,west_cargo,stock_bright,3209.0,0.7853535353535354
2019-05,S2B_48NUG_20190526_0_L2A,east_cargo,stock_bright,2730.0,0.7098697821589388
2019-05,S2B_48NUG_20190526_0_L2A,pax_t123,stock_bright,1438.0,0.6329631794272356
2019-05,S2B_48NUG_20190526_0_L2A,pax_t4,stock_bright,5664.0,0.913913913913914
2019-05,S2B_48NUG_20190526_0_L2A,airfield,stock_bright,2588.0,0.6222951419225065
2019-05,S2B_48NUG_20190526_0_L2A,west_cargo,pairdiff,,0.7853535353535354
2019-05,S2B_48NUG_20190526_0_L2A,east_cargo,pairdiff,,0.7098697821589388
2019-05,S2B_48NUG_20190526_0_L2A,pax_t123,pairdiff,,0.6329631794272356
2019-05,S2B_48NUG_20190526_0_L2A,pax_t4,pairdiff,,0.913913913913914
2019-05,S2B_48NUG_20190526_0_L2A,airfield,pairdiff,,0.6222951419225065
2019-06,S2B_48NUG_20190605_0_L2A,west_cargo,stock_bright,4090.0,0.4313131313131313
2019-06,S2B_48NUG_20190605_0_L2A,east_cargo,stock_bright,2828.0,0.140197152245345
2019-06,S2B_48NUG_20190605_0_L2A,pax_t123,stock_bright,2722.0,0.21020845509448666
2019-06,S2B_48NUG_20190605_0_L2A,pax_t4,stock_bright,1758.0,0.03330603330603331
2019-06,S2B_48NUG_20190605_0_L2A,airfield,stock_bright,1742.0,0.20219639555438162
2019-06,S2B_48NUG_20190625_0_L2A,west_cargo,stock_bright,1204.0,0.38515151515151513
2019-06,S2B_48NUG_20190625_0_L2A,east_cargo,stock_bright,6084.0,0.8260922477789948
2019-06,S2B_48NUG_20190625_0_L2A,pax_t123,stock_bright,1562.0,0.0451198129748685
2019-06,S2B_48NUG_20190625_0_L2A,pax_t4,stock_bright,3752.0,0.48666848666848667
2019-06,S2B_48NUG_20190625_0_L2A,airfield,stock_bright,1892.0,0.35537517524432616
2019-06,S2B_48NUG_20190625_0_L2A,west_cargo,pairdiff,,0.4313131313131313
2019-06,S2B_48NUG_20190625_0_L2A,east_cargo,pairdiff,,0.8260922477789948
2019-06,S2B_48NUG_20190625_0_L2A,pax_t123,pairdiff,44640708.0,0.21020845509448666
2019-06,S2B_48NUG_20190625_0_L2A,pax_t4,pairdiff,,0.48666848666848667
2019-06,S2B_48NUG_20190625_0_L2A,airfield,pairdiff,,0.35537517524432616
2019-07,S2B_48NUG_20190705_0_L2A,west_cargo,stock_bright,2469.0,0.6476767676767676
2019-07,S2B_48NUG_20190705_0_L2A,east_cargo,stock_bright,1840.0,0.3852987708409395
2019-07,S2B_48NUG_20190705_0_L2A,pax_t123,stock_bright,3404.0,0.8038184297681668
2019-07,S2B_48NUG_20190705_0_L2A,pax_t4,stock_bright,1544.0,0.23532623532623534
2019-07,S2B_48NUG_20190705_0_L2A,airfield,stock_bright,1664.0,0.3792388808744946
2019-07,S2B_48NUG_20190705_1_L2A,west_cargo,stock_bright,2556.0,0.847979797979798
2019-07,S2B_48NUG_20190705_1_L2A,east_cargo,stock_bright,1854.0,0.21589387854448094
2019-07,S2B_48NUG_20190705_1_L2A,pax_t123,stock_bright,3620.0,0.9676212741087084
2019-07,S2B_48NUG_20190705_1_L2A,pax_t4,stock_bright,1556.0,0.28555828555828555
2019-07,S2B_48NUG_20190705_1_L2A,airfield,stock_bright,1698.0,0.46935002133409187
2019-07,S2B_48NUG_20190705_1_L2A,west_cargo,pairdiff,,0.847979797979798
2019-07,S2B_48NUG_20190705_1_L2A,east_cargo,pairdiff,,0.3852987708409395
2019-07,S2B_48NUG_20190705_1_L2A,pax_t123,pairdiff,,0.9676212741087084
2019-07,S2B_48NUG_20190705_1_L2A,pax_t4,pairdiff,1463350.0,0.28555828555828555
2019-07,S2B_48NUG_20190705_1_L2A,airfield,pairdiff,,0.46935002133409187
2019-08,S2B_48NUG_20190814_0_L2A,west_cargo,stock_bright,3292.0,0.7719191919191919
2019-08,S2B_48NUG_20190814_0_L2A,east_cargo,stock_bright,2220.0,0.3088718510405257
2019-08,S2B_48NUG_20190814_0_L2A,pax_t123,stock_bright,2780.0,0.7107344632768362
2019-08,S2B_48NUG_20190814_0_L2A,pax_t4,stock_bright,2008.0,0.1314041314041314
2019-08,S2B_48NUG_20190814_0_L2A,airfield,stock_bright,2174.0,0.3679724485442022
2019-10,S2B_48NUG_20191013_0_L2A,west_cargo,stock_bright,1740.0,0.21444444444444444
2019-10,S2B_48NUG_20191013_0_L2A,east_cargo,stock_bright,1954.0,0.32858707557502737
2019-10,S2B_48NUG_20191013_0_L2A,pax_t123,stock_bright,2020.0,0.33828170660432494
2019-10,S2B_48NUG_20191013_0_L2A,pax_t4,stock_bright,3518.0,0.080990080990081
2019-10,S2B_48NUG_20191013_0_L2A,airfield,stock_bright,1622.0,0.16002600727390942
2019-10,S2B_48NUG_20191013_1_L2A,west_cargo,stock_bright,1668.0,0.0052525252525252525
2019-10,S2B_48NUG_20191013_1_L2A,east_cargo,stock_bright,1866.0,0.0
2019-10,S2B_48NUG_20191013_1_L2A,pax_t123,stock_bright,1958.0,0.19053185271770895
2019-10,S2B_48NUG_20191013_1_L2A,pax_t4,stock_bright,3576.0,0.0
2019-10,S2B_48NUG_20191013_1_L2A,airfield,stock_bright,1566.0,0.06315907105268505
2019-10,S2B_48NUG_20191013_1_L2A,west_cargo,pairdiff,2181780.0,0.21444444444444444
2019-10,S2B_48NUG_20191013_1_L2A,east_cargo,pairdiff,,0.32858707557502737
2019-10,S2B_48NUG_20191013_1_L2A,pax_t123,pairdiff,,0.33828170660432494
2019-10,S2B_48NUG_20191013_1_L2A,pax_t4,pairdiff,2179431.0,0.080990080990081
2019-10,S2B_48NUG_20191013_1_L2A,airfield,pairdiff,35475852.0,0.16002600727390942
2019-11,S2B_48NUG_20191122_0_L2A,west_cargo,stock_bright,1782.0,0.5112121212121212
2019-11,S2B_48NUG_20191122_0_L2A,east_cargo,stock_bright,1812.0,0.3714250943166606
2019-11,S2B_48NUG_20191122_0_L2A,pax_t123,stock_bright,1894.0,0.40787064095071107
2019-11,S2B_48NUG_20191122_0_L2A,pax_t4,stock_bright,2254.0,0.18063518063518064
2019-11,S2B_48NUG_20191122_0_L2A,airfield,stock_bright,1502.0,0.26283601194709144
2019-12,S2B_48NUG_20191212_0_L2A,west_cargo,stock_bright,1448.0,0.0
2019-12,S2B_48NUG_20191212_0_L2A,east_cargo,stock_bright,1638.0,0.01582085919435317
2019-12,S2B_48NUG_20191212_0_L2A,pax_t123,stock_bright,1714.0,0.0017143970387687511
2019-12,S2B_48NUG_20191212_0_L2A,pax_t4,stock_bright,1184.0,0.21184821184821184
2019-12,S2B_48NUG_20191212_0_L2A,airfield,stock_bright,1190.0,0.07762561716480078
2020-03,S2B_48NUG_20200311_0_L2A,west_cargo,stock_bright,1578.0,0.04686868686868687
2020-03,S2B_48NUG_20200311_0_L2A,east_cargo,stock_bright,1736.0,0.056955093099671415
2020-03,S2B_48NUG_20200311_0_L2A,pax_t123,stock_bright,1776.0,0.07442041691018897
2020-03,S2B_48NUG_20200311_0_L2A,pax_t4,stock_bright,2710.0,0.018564018564018563
2020-03,S2B_48NUG_20200311_0_L2A,airfield,stock_bright,1426.0,0.04382632017392364
2020-03,S2B_48NUG_20200321_1_L2A,west_cargo,stock_bright,6896.0,0.6343434343434343
2020-03,S2B_48NUG_20200321_1_L2A,east_cargo,stock_bright,5296.0,0.33272483874893516
2020-03,S2B_48NUG_20200321_1_L2A,pax_t123,stock_bright,10744.0,0.6414962010520163
2020-03,S2B_48NUG_20200321_1_L2A,pax_t4,stock_bright,8616.0,0.5372645372645373
2020-03,S2B_48NUG_20200321_1_L2A,airfield,stock_bright,7716.0,0.7544852388402381
2020-03,S2B_48NUG_20200321_1_L2A,west_cargo,pairdiff,,0.6343434343434343
2020-03,S2B_48NUG_20200321_1_L2A,east_cargo,pairdiff,,0.33272483874893516
2020-03,S2B_48NUG_20200321_1_L2A,pax_t123,pairdiff,,0.6414962010520163
2020-03,S2B_48NUG_20200321_1_L2A,pax_t4,pairdiff,,0.5372645372645373
2020-03,S2B_48NUG_20200321_1_L2A,airfield,pairdiff,,0.7544852388402381
2020-03,S2B_48NUG_20200321_3_L2A,west_cargo,stock_bright,7544.0,0.9311111111111111
2020-03,S2B_48NUG_20200321_3_L2A,east_cargo,stock_bright,5860.0,0.6305220883534136
2020-03,S2B_48NUG_20200321_3_L2A,pax_t123,stock_bright,11800.0,1.0
2020-03,S2B_48NUG_20200321_3_L2A,pax_t4,stock_bright,9448.0,0.9807079807079807
2020-03,S2B_48NUG_20200321_3_L2A,airfield,stock_bright,8360.0,0.9455675884348904
2020-03,S2B_48NUG_20200321_3_L2A,west_cargo,pairdiff,,0.9311111111111111
2020-03,S2B_48NUG_20200321_3_L2A,east_cargo,pairdiff,,0.6305220883534136
2020-03,S2B_48NUG_20200321_3_L2A,pax_t123,pairdiff,,1.0
2020-03,S2B_48NUG_20200321_3_L2A,pax_t4,pairdiff,,0.9807079807079807
2020-03,S2B_48NUG_20200321_3_L2A,airfield,pairdiff,,0.9455675884348904
2020-04,S2B_48NUG_20200410_0_L2A,west_cargo,stock_bright,1581.0,0.0034343434343434343
2020-04,S2B_48NUG_20200410_0_L2A,east_cargo,stock_bright,1660.0,0.007788730680296945
2020-04,S2B_48NUG_20200410_0_L2A,pax_t123,stock_bright,2168.0,0.13200857198519383
2020-04,S2B_48NUG_20200410_0_L2A,pax_t4,stock_bright,2420.0,0.01710801710801711
2020-04,S2B_48NUG_20200410_0_L2A,airfield,stock_bright,1396.0,0.06384988926590406
2020-04,S2B_48NUG_20200420_0_L2A,west_cargo,stock_bright,1836.0,0.5982828282828283
2020-04,S2B_48NUG_20200420_0_L2A,east_cargo,stock_bright,2042.0,0.2794207131556529
2020-04,S2B_48NUG_20200420_0_L2A,pax_t123,stock_bright,1938.0,0.41928696668614845
2020-04,S2B_48NUG_20200420_0_L2A,pax_t4,stock_bright,2504.0,0.11866411866411866
2020-04,S2B_48NUG_20200420_0_L2A,airfield,stock_bright,1452.0,0.24262957921043543
2020-04,S2B_48NUG_20200420_0_L2A,west_cargo,pairdiff,,0.5982828282828283
2020-04,S2B_48NUG_20200420_0_L2A,east_cargo,pairdiff,5004195.0,0.2794207131556529
2020-04,S2B_48NUG_20200420_0_L2A,pax_t123,pairdiff,,0.41928696668614845
2020-04,S2B_48NUG_20200420_0_L2A,pax_t4,pairdiff,7025674.0,0.11866411866411866
2020-04,S2B_48NUG_20200420_0_L2A,airfield,pairdiff,161207328.0,0.24262957921043543
2020-04,S2B_48NUG_20200420_1_L2A,west_cargo,stock_bright,1890.0,0.8928282828282829
2020-04,S2B_48NUG_20200420_1_L2A,east_cargo,stock_bright,2070.0,0.500669344042838
2020-04,S2B_48NUG_20200420_1_L2A,pax_t123,stock_bright,1954.0,0.5211377362166374
2020-04,S2B_48NUG_20200420_1_L2A,pax_t4,stock_bright,2526.0,0.2640822640822641
2020-04,S2B_48NUG_20200420_1_L2A,airfield,stock_bright,1472.0,0.376516244387102
2020-04,S2B_48NUG_20200420_1_L2A,west_cargo,pairdiff,,0.8928282828282829
2020-04,S2B_48NUG_20200420_1_L2A,east_cargo,pairdiff,,0.500669344042838
2020-04,S2B_48NUG_20200420_1_L2A,pax_t123,pairdiff,,0.5211377362166374
2020-04,S2B_48NUG_20200420_1_L2A,pax_t4,pairdiff,1280422.0,0.2640822640822641
2020-04,S2B_48NUG_20200420_1_L2A,airfield,pairdiff,,0.376516244387102
2020-05,S2B_48NUG_20200530_0_L2A,west_cargo,stock_bright,1551.0,0.026060606060606062
2020-05,S2B_48NUG_20200530_0_L2A,east_cargo,stock_bright,1530.0,0.012656687355482536
2020-05,S2B_48NUG_20200530_0_L2A,pax_t123,stock_bright,1704.0,0.03046951100720826
2020-05,S2B_48NUG_20200530_0_L2A,pax_t4,stock_bright,1706.0,0.048594048594048596
2020-05,S2B_48NUG_20200530_0_L2A,airfield,stock_bright,1088.0,0.023284637422028975
2020-06,S2B_48NUG_20200609_0_L2A,west_cargo,stock_bright,7220.0,1.0
2020-06,S2B_48NUG_20200609_0_L2A,east_cargo,stock_bright,4712.0,0.9376901545576244
2020-06,S2B_48NUG_20200609_0_L2A,pax_t123,stock_bright,10048.0,0.9144360023378142
2020-06,S2B_48NUG_20200609_0_L2A,pax_t4,stock_bright,2986.0,0.686959686959687
2020-06,S2B_48NUG_20200609_0_L2A,airfield,stock_bright,4584.0,0.7694394213381555
2020-06,S2B_48NUG_20200609_1_L2A,west_cargo,stock_bright,7520.0,1.0
2020-06,S2B_48NUG_20200609_1_L2A,east_cargo,stock_bright,4904.0,1.0
2020-06,S2B_48NUG_20200609_1_L2A,pax_t123,stock_bright,10504.0,1.0
2020-06,S2B_48NUG_20200609_1_L2A,pax_t4,stock_bright,3020.0,0.8969878969878969
2020-06,S2B_48NUG_20200609_1_L2A,airfield,stock_bright,4748.0,0.8650263120466506
2020-06,S2B_48NUG_20200609_1_L2A,west_cargo,pairdiff,,1.0
2020-06,S2B_48NUG_20200609_1_L2A,east_cargo,pairdiff,,1.0
2020-06,S2B_48NUG_20200609_1_L2A,pax_t123,pairdiff,,1.0
2020-06,S2B_48NUG_20200609_1_L2A,pax_t4,pairdiff,,0.8969878969878969
2020-06,S2B_48NUG_20200609_1_L2A,airfield,pairdiff,,0.8650263120466506
2020-06,S2B_48NUG_20200619_0_L2A,west_cargo,stock_bright,2998.0,0.9903030303030304
2020-06,S2B_48NUG_20200619_0_L2A,east_cargo,stock_bright,3186.0,0.9868565169769989
2020-06,S2B_48NUG_20200619_0_L2A,pax_t123,stock_bright,2886.0,0.9897136177673875
2020-06,S2B_48NUG_20200619_0_L2A,pax_t4,stock_bright,2714.0,0.9965419965419965
2020-06,S2B_48NUG_20200619_0_L2A,airfield,stock_bright,2440.0,0.8920291769104172
2020-06,S2B_48NUG_20200619_0_L2A,west_cargo,pairdiff,,1.0
2020-06,S2B_48NUG_20200619_0_L2A,east_cargo,pairdiff,,1.0
2020-06,S2B_48NUG_20200619_0_L2A,pax_t123,pairdiff,,1.0
2020-06,S2B_48NUG_20200619_0_L2A,pax_t4,pairdiff,,0.9965419965419965
2020-06,S2B_48NUG_20200619_0_L2A,airfield,pairdiff,,0.8920291769104172
2020-08,S2B_48NUG_20200818_0_L2A,west_cargo,stock_bright,1704.0,0.03272727272727273
2020-08,S2B_48NUG_20200818_0_L2A,east_cargo,stock_bright,980.0,0.14457831325301204
2020-08,S2B_48NUG_20200818_0_L2A,pax_t123,stock_bright,2008.0,0.021663744398986946
2020-08,S2B_48NUG_20200818_0_L2A,pax_t4,stock_bright,2940.0,0.45672945672945675
2020-08,S2B_48NUG_20200818_0_L2A,airfield,stock_bright,1554.0,0.3348334924924315
2020-08,S2B_48NUG_20200828_0_L2A,west_cargo,stock_bright,4288.0,0.8336363636363636
2020-08,S2B_48NUG_20200828_0_L2A,east_cargo,stock_bright,6000.0,0.7995618838992333
2020-08,S2B_48NUG_20200828_0_L2A,pax_t123,stock_bright,1748.0,0.43339177868692774
2020-08,S2B_48NUG_20200828_0_L2A,pax_t4,stock_bright,3486.0,0.7075257075257075
2020-08,S2B_48NUG_20200828_0_L2A,airfield,stock_bright,2487.0,0.5895727086169413
2020-08,S2B_48NUG_20200828_0_L2A,west_cargo,pairdiff,,0.8336363636363636
2020-08,S2B_48NUG_20200828_0_L2A,east_cargo,pairdiff,,0.7995618838992333
2020-08,S2B_48NUG_20200828_0_L2A,pax_t123,pairdiff,,0.43339177868692774
2020-08,S2B_48NUG_20200828_0_L2A,pax_t4,pairdiff,,0.7075257075257075
2020-08,S2B_48NUG_20200828_0_L2A,airfield,pairdiff,,0.5895727086169413
2020-08,S2B_48NUG_20200828_1_L2A,west_cargo,stock_bright,4664.0,0.9664646464646465
2020-08,S2B_48NUG_20200828_1_L2A,east_cargo,stock_bright,6544.0,0.9460873798223196
2020-08,S2B_48NUG_20200828_1_L2A,pax_t123,stock_bright,1828.0,0.594233391778687
2020-08,S2B_48NUG_20200828_1_L2A,pax_t4,stock_bright,3804.0,0.9486759486759486
2020-08,S2B_48NUG_20200828_1_L2A,airfield,stock_bright,2644.0,0.738057988093545
2020-08,S2B_48NUG_20200828_1_L2A,west_cargo,pairdiff,,0.9664646464646465
2020-08,S2B_48NUG_20200828_1_L2A,east_cargo,pairdiff,,0.9460873798223196
2020-08,S2B_48NUG_20200828_1_L2A,pax_t123,pairdiff,,0.594233391778687
2020-08,S2B_48NUG_20200828_1_L2A,pax_t4,pairdiff,,0.9486759486759486
2020-08,S2B_48NUG_20200828_1_L2A,airfield,pairdiff,,0.738057988093545
2020-09,S2B_48NUG_20200917_0_L2A,west_cargo,stock_bright,8624.0,0.8016161616161617
2020-09,S2B_48NUG_20200917_0_L2A,east_cargo,stock_bright,6676.0,0.9616648411829135
2020-09,S2B_48NUG_20200917_0_L2A,pax_t123,stock_bright,3488.0,0.6492499512955386
2020-09,S2B_48NUG_20200917_0_L2A,pax_t4,stock_bright,2226.0,0.25006825006825006
2020-09,S2B_48NUG_20200917_0_L2A,airfield,stock_bright,2850.0,0.5103521141069143
2020-09,S2B_48NUG_20200917_1_L2A,west_cargo,stock_bright,8992.0,1.0
2020-09,S2B_48NUG_20200917_1_L2A,east_cargo,stock_bright,6944.0,1.0
2020-09,S2B_48NUG_20200917_1_L2A,pax_t123,stock_bright,3628.0,0.966725112020261
2020-09,S2B_48NUG_20200917_1_L2A,pax_t4,stock_bright,2342.0,0.9148239148239148
2020-09,S2B_48NUG_20200917_1_L2A,airfield,stock_bright,2968.0,0.8392019017819047
2020-09,S2B_48NUG_20200917_1_L2A,west_cargo,pairdiff,,1.0
2020-09,S2B_48NUG_20200917_1_L2A,east_cargo,pairdiff,,1.0
2020-09,S2B_48NUG_20200917_1_L2A,pax_t123,pairdiff,,0.966725112020261
2020-09,S2B_48NUG_20200917_1_L2A,pax_t4,pairdiff,,0.9148239148239148
2020-09,S2B_48NUG_20200917_1_L2A,airfield,pairdiff,,0.8392019017819047
2020-10,S2B_48NUG_20201027_1_L2A,west_cargo,stock_bright,2054.0,0.4867676767676768
2020-10,S2B_48NUG_20201027_1_L2A,east_cargo,stock_bright,1716.0,0.19593525617622004
2020-10,S2B_48NUG_20201027_1_L2A,pax_t123,stock_bright,2052.0,0.5764270407169296
2020-10,S2B_48NUG_20201027_1_L2A,pax_t4,stock_bright,1824.0,0.0
2020-10,S2B_48NUG_20201027_1_L2A,airfield,stock_bright,1960.0,0.44113822459719204
2020-11,S2B_48NUG_20201116_0_L2A,west_cargo,stock_bright,1560.0,0.31292929292929295
2020-11,S2B_48NUG_20201116_0_L2A,east_cargo,stock_bright,1598.0,0.304734087866618
2020-11,S2B_48NUG_20201116_0_L2A,pax_t123,stock_bright,1780.0,0.3306448470679914
2020-11,S2B_48NUG_20201116_0_L2A,pax_t4,stock_bright,1976.0,0.4973154973154973
2020-11,S2B_48NUG_20201116_0_L2A,airfield,stock_bright,1132.0,0.23975455635247983
2020-11,S2B_48NUG_20201116_1_L2A,west_cargo,stock_bright,1506.0,0.0
2020-11,S2B_48NUG_20201116_1_L2A,east_cargo,stock_bright,1538.0,0.0
2020-11,S2B_48NUG_20201116_1_L2A,pax_t123,stock_bright,1698.0,0.0003117085525034093
2020-11,S2B_48NUG_20201116_1_L2A,pax_t4,stock_bright,1892.0,0.06424606424606424
2020-11,S2B_48NUG_20201116_1_L2A,airfield,stock_bright,1082.0,0.04849950220452283
2020-11,S2B_48NUG_20201116_1_L2A,west_cargo,pairdiff,,0.31292929292929295
2020-11,S2B_48NUG_20201116_1_L2A,east_cargo,pairdiff,,0.304734087866618
2020-11,S2B_48NUG_20201116_1_L2A,pax_t123,pairdiff,,0.3306448470679914
2020-11,S2B_48NUG_20201116_1_L2A,pax_t4,pairdiff,,0.4973154973154973
2020-11,S2B_48NUG_20201116_1_L2A,airfield,pairdiff,28803536.0,0.23975455635247983
2020-12,S2B_48NUG_20201226_0_L2A,west_cargo,stock_bright,1310.0,0.09696969696969697
2020-12,S2B_48NUG_20201226_0_L2A,east_cargo,stock_bright,815.0,0.5262261165875624
2020-12,S2B_48NUG_20201226_0_L2A,pax_t123,stock_bright,3108.0,0.5048899279173973
2020-12,S2B_48NUG_20201226_0_L2A,pax_t4,stock_bright,5412.0,0.5143325143325144
2020-12,S2B_48NUG_20201226_0_L2A,airfield,stock_bright,1410.0,0.2774244671556576
2020-12,S2B_48NUG_20201226_1_L2A,west_cargo,stock_bright,1372.0,0.1704040404040404
2020-12,S2B_48NUG_20201226_1_L2A,east_cargo,stock_bright,863.0,0.33406352683461116
2020-12,S2B_48NUG_20201226_1_L2A,pax_t123,stock_bright,3248.0,0.8485096434833431
2020-12,S2B_48NUG_20201226_1_L2A,pax_t4,stock_bright,5708.0,1.0
2020-12,S2B_48NUG_20201226_1_L2A,airfield,stock_bright,1496.0,0.514212568827844
2020-12,S2B_48NUG_20201226_1_L2A,west_cargo,pairdiff,1763477.0,0.1704040404040404
2020-12,S2B_48NUG_20201226_1_L2A,east_cargo,pairdiff,,0.5262261165875624
2020-12,S2B_48NUG_20201226_1_L2A,pax_t123,pairdiff,,0.8485096434833431
2020-12,S2B_48NUG_20201226_1_L2A,pax_t4,pairdiff,,1.0
2020-12,S2B_48NUG_20201226_1_L2A,airfield,pairdiff,,0.514212568827844
2021-01,S2B_48NUG_20210105_0_L2A,west_cargo,stock_bright,1932.0,0.48323232323232324
2021-01,S2B_48NUG_20210105_0_L2A,east_cargo,stock_bright,1826.0,0.3738590726542534
2021-01,S2B_48NUG_20210105_0_L2A,pax_t123,stock_bright,1946.0,0.6527566725112021
2021-01,S2B_48NUG_20210105_0_L2A,pax_t4,stock_bright,2328.0,0.49385749385749383
2021-01,S2B_48NUG_20210105_0_L2A,airfield,stock_bright,1978.0,0.5441818883719041
2021-01,S2B_48NUG_20210105_1_L2A,west_cargo,stock_bright,1835.0,0.0
2021-01,S2B_48NUG_20210105_1_L2A,east_cargo,stock_bright,1776.0,0.0
2021-01,S2B_48NUG_20210105_1_L2A,pax_t123,stock_bright,1890.0,0.5754139879212936
2021-01,S2B_48NUG_20210105_1_L2A,pax_t4,stock_bright,2260.0,0.003367003367003367
2021-01,S2B_48NUG_20210105_1_L2A,airfield,stock_bright,1914.0,0.3285653331166061
2021-01,S2B_48NUG_20210105_1_L2A,west_cargo,pairdiff,,0.48323232323232324
2021-01,S2B_48NUG_20210105_1_L2A,east_cargo,pairdiff,,0.3738590726542534
2021-01,S2B_48NUG_20210105_1_L2A,pax_t123,pairdiff,,0.6527566725112021
2021-01,S2B_48NUG_20210105_1_L2A,pax_t4,pairdiff,,0.49385749385749383
2021-01,S2B_48NUG_20210105_1_L2A,airfield,pairdiff,,0.5441818883719041
2021-01,S2B_48NUG_20210115_0_L2A,west_cargo,stock_bright,3674.0,1.0
2021-01,S2B_48NUG_20210115_0_L2A,east_cargo,stock_bright,3348.0,1.0
2021-01,S2B_48NUG_20210115_0_L2A,pax_t123,stock_bright,3520.0,0.9998441457237482
2021-01,S2B_48NUG_20210115_0_L2A,pax_t4,stock_bright,2876.0,0.975975975975976
2021-01,S2B_48NUG_20210115_0_L2A,airfield,stock_bright,3176.0,0.9883576812889855
2021-01,S2B_48NUG_20210115_0_L2A,west_cargo,pairdiff,,1.0
2021-01,S2B_48NUG_20210115_0_L2A,east_cargo,pairdiff,,1.0
2021-01,S2B_48NUG_20210115_0_L2A,pax_t123,pairdiff,,0.9998441457237482
2021-01,S2B_48NUG_20210115_0_L2A,pax_t4,pairdiff,,0.975975975975976
2021-01,S2B_48NUG_20210115_0_L2A,airfield,pairdiff,,0.9883576812889855
2021-03,S2B_48NUG_20210316_0_L2A,west_cargo,stock_bright,2088.0,0.45686868686868687
2021-03,S2B_48NUG_20210316_0_L2A,east_cargo,stock_bright,944.0,0.4920287209443836
2021-03,S2B_48NUG_20210316_0_L2A,pax_t123,stock_bright,2600.0,0.6424702902785895
2021-03,S2B_48NUG_20210316_0_L2A,pax_t4,stock_bright,3238.0,0.7686777686777687
2021-03,S2B_48NUG_20210316_0_L2A,airfield,stock_bright,2030.0,0.6062031411910519
2021-03,S2B_48NUG_20210316_1_L2A,west_cargo,stock_bright,2138.0,0.44191919191919193
2021-03,S2B_48NUG_20210316_1_L2A,east_cargo,stock_bright,928.0,0.40659608129487645
2021-03,S2B_48NUG_20210316_1_L2A,pax_t123,stock_bright,2656.0,0.6231443600233781
2021-03,S2B_48NUG_20210316_1_L2A,pax_t4,stock_bright,3376.0,0.9497679497679498
2021-03,S2B_48NUG_20210316_1_L2A,airfield,stock_bright,2078.0,0.699859804539082
2021-03,S2B_48NUG_20210316_1_L2A,west_cargo,pairdiff,,0.45686868686868687
2021-03,S2B_48NUG_20210316_1_L2A,east_cargo,pairdiff,,0.4920287209443836
2021-03,S2B_48NUG_20210316_1_L2A,pax_t123,pairdiff,,0.6424702902785895
2021-03,S2B_48NUG_20210316_1_L2A,pax_t4,pairdiff,,0.9497679497679498
2021-03,S2B_48NUG_20210316_1_L2A,airfield,pairdiff,,0.699859804539082
2021-04,S2B_48NUG_20210425_0_L2A,west_cargo,stock_bright,1472.0,0.2206060606060606
2021-04,S2B_48NUG_20210425_0_L2A,east_cargo,stock_bright,1496.0,0.18133138615066327
2021-04,S2B_48NUG_20210425_0_L2A,pax_t123,stock_bright,1698.0,0.22505357490746153
2021-04,S2B_48NUG_20210425_0_L2A,pax_t4,stock_bright,2248.0,0.27873327873327874
2021-04,S2B_48NUG_20210425_0_L2A,airfield,stock_bright,1194.0,0.1319970741816852
2021-04,S2B_48NUG_20210425_1_L2A,west_cargo,stock_bright,1426.0,0.0
2021-04,S2B_48NUG_20210425_1_L2A,east_cargo,stock_bright,1434.0,0.0
2021-04,S2B_48NUG_20210425_1_L2A,pax_t123,stock_bright,1628.0,0.00015585427625170465
2021-04,S2B_48NUG_20210425_1_L2A,pax_t4,stock_bright,2208.0,0.0
2021-04,S2B_48NUG_20210425_1_L2A,airfield,stock_bright,1144.0,2.031818274173558e-05
2021-04,S2B_48NUG_20210425_1_L2A,west_cargo,pairdiff,2127865.0,0.2206060606060606
2021-04,S2B_48NUG_20210425_1_L2A,east_cargo,pairdiff,1705712.0,0.18133138615066327
2021-04,S2B_48NUG_20210425_1_L2A,pax_t123,pairdiff,5975628.0,0.22505357490746153
2021-04,S2B_48NUG_20210425_1_L2A,pax_t4,pairdiff,1938623.0,0.27873327873327874
2021-04,S2B_48NUG_20210425_1_L2A,airfield,pairdiff,34194748.0,0.1319970741816852
2021-05,S2B_48NUG_20210525_0_L2A,west_cargo,stock_bright,1614.0,0.29858585858585857
2021-05,S2B_48NUG_20210525_0_L2A,east_cargo,stock_bright,1584.0,0.274309358646708
2021-05,S2B_48NUG_20210525_0_L2A,pax_t123,stock_bright,1974.0,0.44800311708552504
2021-05,S2B_48NUG_20210525_0_L2A,pax_t4,stock_bright,2430.0,0.17026117026117027
2021-05,S2B_48NUG_20210525_0_L2A,airfield,stock_bright,1404.0,0.20825121401141883
2021-06,S2B_48NUG_20210614_0_L2A,west_cargo,stock_bright,1508.0,0.07454545454545454
2021-06,S2B_48NUG_20210614_0_L2A,east_cargo,stock_bright,1458.0,0.03845685773396617
2021-06,S2B_48NUG_20210614_0_L2A,pax_t123,stock_bright,1774.0,0.1384765244496396
2021-06,S2B_48NUG_20210614_0_L2A,pax_t4,stock_bright,2336.0,0.05378105378105378
2021-06,S2B_48NUG_20210614_0_L2A,airfield,stock_bright,1384.0,0.10307414104882459
2021-06,S2B_48NUG_20210614_1_L2A,west_cargo,stock_bright,1498.0,0.0
2021-06,S2B_48NUG_20210614_1_L2A,east_cargo,stock_bright,1438.0,0.0
2021-06,S2B_48NUG_20210614_1_L2A,pax_t123,stock_bright,1762.0,0.09943502824858758
2021-06,S2B_48NUG_20210614_1_L2A,pax_t4,stock_bright,2322.0,0.0
2021-06,S2B_48NUG_20210614_1_L2A,airfield,stock_bright,1378.0,0.10094073186094235
2021-06,S2B_48NUG_20210614_1_L2A,west_cargo,pairdiff,2244514.0,0.07454545454545454
2021-06,S2B_48NUG_20210614_1_L2A,east_cargo,pairdiff,1828451.0,0.03845685773396617
2021-06,S2B_48NUG_20210614_1_L2A,pax_t123,pairdiff,5848132.0,0.1384765244496396
2021-06,S2B_48NUG_20210614_1_L2A,pax_t4,pairdiff,2174082.0,0.05378105378105378
2021-06,S2B_48NUG_20210614_1_L2A,airfield,pairdiff,37522620.0,0.10307414104882459
2021-06,S2B_48NUG_20210614_2_L2A,west_cargo,stock_bright,1498.0,0.0
2021-06,S2B_48NUG_20210614_2_L2A,east_cargo,stock_bright,1438.0,0.0
2021-06,S2B_48NUG_20210614_2_L2A,pax_t123,stock_bright,1762.0,0.09943502824858758
2021-06,S2B_48NUG_20210614_2_L2A,pax_t4,stock_bright,2322.0,0.0
2021-06,S2B_48NUG_20210614_2_L2A,airfield,stock_bright,1378.0,0.10094073186094235
2021-06,S2B_48NUG_20210614_2_L2A,west_cargo,pairdiff,0.0,0.0
2021-06,S2B_48NUG_20210614_2_L2A,east_cargo,pairdiff,0.0,0.0
2021-06,S2B_48NUG_20210614_2_L2A,pax_t123,pairdiff,0.0,0.09943502824858758
2021-06,S2B_48NUG_20210614_2_L2A,pax_t4,pairdiff,0.0,0.0
2021-06,S2B_48NUG_20210614_2_L2A,airfield,pairdiff,0.0,0.10094073186094235
2021-08,S2B_48NUG_20210803_0_L2A,west_cargo,stock_bright,1616.0,0.5098989898989899
2021-08,S2B_48NUG_20210803_0_L2A,east_cargo,stock_bright,1536.0,0.42424242424242425
2021-08,S2B_48NUG_20210803_0_L2A,pax_t123,stock_bright,1754.0,0.6169491525423729
2021-08,S2B_48NUG_20210803_0_L2A,pax_t4,stock_bright,1820.0,0.6558376558376559
2021-08,S2B_48NUG_20210803_0_L2A,airfield,stock_bright,1490.0,0.47957006725318485
2021-09,S2B_48NUG_20210922_0_L2A,west_cargo,stock_bright,1732.0,0.0993939393939394
2021-09,S2B_48NUG_20210922_0_L2A,east_cargo,stock_bright,2114.0,0.0642570281124498
2021-09,S2B_48NUG_20210922_0_L2A,pax_t123,stock_bright,1794.0,0.05295149035651666
2021-09,S2B_48NUG_20210922_0_L2A,pax_t4,stock_bright,3212.0,0.25953225953225956
2021-09,S2B_48NUG_20210922_0_L2A,airfield,stock_bright,1730.0,0.133856187902554
2021-10,S2B_48NUG_20211012_0_L2A,west_cargo,stock_bright,2234.0,1.0
2021-10,S2B_48NUG_20211012_0_L2A,east_cargo,stock_bright,2294.0,1.0
2021-10,S2B_48NUG_20211012_0_L2A,pax_t123,stock_bright,2584.0,1.0
2021-10,S2B_48NUG_20211012_0_L2A,pax_t4,stock_bright,2622.0,1.0
2021-10,S2B_48NUG_20211012_0_L2A,airfield,stock_bright,2504.0,1.0
2021-11,S2B_48NUG_20211121_0_L2A,west_cargo,stock_bright,1413.0,0.6474747474747474
2021-11,S2B_48NUG_20211121_0_L2A,east_cargo,stock_bright,2448.0,0.6770110746014361
2021-11,S2B_48NUG_20211121_0_L2A,pax_t123,stock_bright,4388.0,0.9036820572764466
2021-11,S2B_48NUG_20211121_0_L2A,pax_t4,stock_bright,1572.0,0.3356993356993357
2021-11,S2B_48NUG_20211121_0_L2A,airfield,stock_bright,1850.0,0.5293496149704371
2021-11,S2B_48NUG_20211121_1_L2A,west_cargo,stock_bright,1462.0,0.7111111111111111
2021-11,S2B_48NUG_20211121_1_L2A,east_cargo,stock_bright,2554.0,0.9632469271023488
2021-11,S2B_48NUG_20211121_1_L2A,pax_t123,stock_bright,4580.0,1.0
2021-11,S2B_48NUG_20211121_1_L2A,pax_t4,stock_bright,1656.0,0.5453635453635454
2021-11,S2B_48NUG_20211121_1_L2A,airfield,stock_bright,1922.0,0.6704695532031615
2021-11,S2B_48NUG_20211121_1_L2A,west_cargo,pairdiff,,0.7111111111111111
2021-11,S2B_48NUG_20211121_1_L2A,east_cargo,pairdiff,,0.9632469271023488
2021-11,S2B_48NUG_20211121_1_L2A,pax_t123,pairdiff,,1.0
2021-11,S2B_48NUG_20211121_1_L2A,pax_t4,pairdiff,,0.5453635453635454
2021-11,S2B_48NUG_20211121_1_L2A,airfield,pairdiff,,0.6704695532031615
2021-12,S2B_48NUG_20211201_0_L2A,west_cargo,stock_bright,1460.0,0.10868686868686869
2021-12,S2B_48NUG_20211201_0_L2A,east_cargo,stock_bright,1516.0,0.10393087501521237
2021-12,S2B_48NUG_20211201_0_L2A,pax_t123,stock_bright,1644.0,0.07169296707578414
2021-12,S2B_48NUG_20211201_0_L2A,pax_t4,stock_bright,1476.0,0.08262808262808263
2021-12,S2B_48NUG_20211201_0_L2A,airfield,stock_bright,1186.0,0.04984050226547738
2021-12,S2B_48NUG_20211201_1_L2A,west_cargo,stock_bright,1436.0,0.0
2021-12,S2B_48NUG_20211201_1_L2A,east_cargo,stock_bright,1490.0,0.0
2021-12,S2B_48NUG_20211201_1_L2A,pax_t123,stock_bright,1616.0,0.0
2021-12,S2B_48NUG_20211201_1_L2A,pax_t4,stock_bright,1458.0,0.0
2021-12,S2B_48NUG_20211201_1_L2A,airfield,stock_bright,1172.0,0.002854704675213849
2021-12,S2B_48NUG_20211201_1_L2A,west_cargo,pairdiff,376029.0,0.10868686868686869
2021-12,S2B_48NUG_20211201_1_L2A,east_cargo,pairdiff,335497.0,0.10393087501521237
2021-12,S2B_48NUG_20211201_1_L2A,pax_t123,pairdiff,1055368.0,0.07169296707578414
2021-12,S2B_48NUG_20211201_1_L2A,pax_t4,pairdiff,351622.0,0.08262808262808263
2021-12,S2B_48NUG_20211201_1_L2A,airfield,pairdiff,5662095.0,0.04984050226547738
2021-12,S2B_48NUG_20211221_0_L2A,west_cargo,stock_bright,1498.0,0.2288888888888889
2021-12,S2B_48NUG_20211221_0_L2A,east_cargo,stock_bright,1538.0,0.24193744675672388
2021-12,S2B_48NUG_20211221_0_L2A,pax_t123,stock_bright,1732.0,0.25653613871030584
2021-12,S2B_48NUG_20211221_0_L2A,pax_t4,stock_bright,1472.0,0.16097916097916098
2021-12,S2B_48NUG_20211221_0_L2A,airfield,stock_bright,1244.0,0.17102830322855925
2021-12,S2B_48NUG_20211221_0_L2A,west_cargo,pairdiff,1391086.0,0.2288888888888889
2021-12,S2B_48NUG_20211221_0_L2A,east_cargo,pairdiff,1320574.0,0.24193744675672388
2021-12,S2B_48NUG_20211221_0_L2A,pax_t123,pairdiff,4771418.0,0.25653613871030584
2021-12,S2B_48NUG_20211221_0_L2A,pax_t4,pairdiff,3556144.0,0.16097916097916098
2021-12,S2B_48NUG_20211221_0_L2A,airfield,pairdiff,46842352.0,0.17102830322855925
2022-01,S2B_48NUG_20220130_0_L2A,west_cargo,stock_bright,1444.0,0.0
2022-01,S2B_48NUG_20220130_0_L2A,east_cargo,stock_bright,1482.0,0.0
2022-01,S2B_48NUG_20220130_0_L2A,pax_t123,stock_bright,1610.0,0.0
2022-01,S2B_48NUG_20220130_0_L2A,pax_t4,stock_bright,2154.0,0.0
2022-01,S2B_48NUG_20220130_0_L2A,airfield,stock_bright,1284.0,0.0
2022-02,S2B_48NUG_20220219_0_L2A,west_cargo,stock_bright,2494.0,0.0
2022-02,S2B_48NUG_20220219_0_L2A,east_cargo,stock_bright,2498.0,0.0
2022-02,S2B_48NUG_20220219_0_L2A,pax_t123,stock_bright,2754.0,0.07434248977206312
2022-02,S2B_48NUG_20220219_0_L2A,pax_t4,stock_bright,2354.0,0.0
2022-02,S2B_48NUG_20220219_0_L2A,airfield,stock_bright,2260.0,0.07676209439827701
2022-03,S2B_48NUG_20220311_0_L2A,west_cargo,stock_bright,1672.0,0.0
2022-03,S2B_48NUG_20220311_0_L2A,east_cargo,stock_bright,1576.0,0.0
2022-03,S2B_48NUG_20220311_0_L2A,pax_t123,stock_bright,1888.0,0.1840639002532632
2022-03,S2B_48NUG_20220311_0_L2A,pax_t4,stock_bright,1422.0,0.0
2022-03,S2B_48NUG_20220311_0_L2A,airfield,stock_bright,1556.0,0.20351707743259442
2022-04,S2B_48NUG_20220410_0_L2A,west_cargo,stock_bright,1528.0,0.0
2022-04,S2B_48NUG_20220410_0_L2A,east_cargo,stock_bright,1586.0,0.0
2022-04,S2B_48NUG_20220410_0_L2A,pax_t123,stock_bright,1900.0,0.2549775959477888
2022-04,S2B_48NUG_20220410_0_L2A,pax_t4,stock_bright,1406.0,0.09491309491309491
2022-04,S2B_48NUG_20220410_0_L2A,airfield,stock_bright,1350.0,0.25558242070829185
2022-05,S2B_48NUG_20220510_0_L2A,west_cargo,stock_bright,1374.0,0.0
2022-05,S2B_48NUG_20220510_0_L2A,east_cargo,stock_bright,1412.0,0.0
2022-05,S2B_48NUG_20220510_0_L2A,pax_t123,stock_bright,1570.0,0.0
2022-05,S2B_48NUG_20220510_0_L2A,pax_t4,stock_bright,1070.0,0.0
2022-05,S2B_48NUG_20220510_0_L2A,airfield,stock_bright,1090.0,0.0
2022-05,S2B_48NUG_20220530_0_L2A,west_cargo,stock_bright,6378.0,1.0
2022-05,S2B_48NUG_20220530_0_L2A,east_cargo,stock_bright,5044.0,1.0
2022-05,S2B_48NUG_20220530_0_L2A,pax_t123,stock_bright,6332.0,1.0
2022-05,S2B_48NUG_20220530_0_L2A,pax_t4,stock_bright,2446.0,0.6818636818636818
2022-05,S2B_48NUG_20220530_0_L2A,airfield,stock_bright,3280.0,0.8070686957758498
2022-05,S2B_48NUG_20220530_0_L2A,west_cargo,pairdiff,,1.0
2022-05,S2B_48NUG_20220530_0_L2A,east_cargo,pairdiff,,1.0
2022-05,S2B_48NUG_20220530_0_L2A,pax_t123,pairdiff,,1.0
2022-05,S2B_48NUG_20220530_0_L2A,pax_t4,pairdiff,,0.6818636818636818
2022-05,S2B_48NUG_20220530_0_L2A,airfield,pairdiff,,0.8070686957758498
2022-06,S2B_48NUG_20220619_0_L2A,west_cargo,stock_bright,10696.0,1.0
2022-06,S2B_48NUG_20220619_0_L2A,east_cargo,stock_bright,12872.0,1.0
2022-06,S2B_48NUG_20220619_0_L2A,pax_t123,stock_bright,770.0,0.9738164815897136
2022-06,S2B_48NUG_20220619_0_L2A,pax_t4,stock_bright,3896.0,0.9912639912639912
2022-06,S2B_48NUG_20220619_0_L2A,airfield,stock_bright,4068.0,0.8197574008980637
2022-06,S2B_48NUG_20220629_0_L2A,west_cargo,stock_bright,1444.0,0.0
2022-06,S2B_48NUG_20220629_0_L2A,east_cargo,stock_bright,1474.0,0.0
2022-06,S2B_48NUG_20220629_0_L2A,pax_t123,stock_bright,1630.0,0.0
2022-06,S2B_48NUG_20220629_0_L2A,pax_t4,stock_bright,1314.0,0.0
2022-06,S2B_48NUG_20220629_0_L2A,airfield,stock_bright,1254.0,0.10720889123676779
2022-06,S2B_48NUG_20220629_0_L2A,west_cargo,pairdiff,,1.0
2022-06,S2B_48NUG_20220629_0_L2A,east_cargo,pairdiff,,1.0
2022-06,S2B_48NUG_20220629_0_L2A,pax_t123,pairdiff,,0.9738164815897136
2022-06,S2B_48NUG_20220629_0_L2A,pax_t4,pairdiff,,0.9912639912639912
2022-06,S2B_48NUG_20220629_0_L2A,airfield,pairdiff,,0.8197574008980637
2022-07,S2B_48NUG_20220709_0_L2A,west_cargo,stock_bright,1390.0,0.0
2022-07,S2B_48NUG_20220709_0_L2A,east_cargo,stock_bright,1396.0,0.018985031033223805
2022-07,S2B_48NUG_20220709_0_L2A,pax_t123,stock_bright,1788.0,0.060159750633157996
2022-07,S2B_48NUG_20220709_0_L2A,pax_t4,stock_bright,1474.0,0.001092001092001092
2022-07,S2B_48NUG_20220709_0_L2A,airfield,stock_bright,1352.0,0.02858768311762196
2022-07,S2B_48NUG_20220719_0_L2A,west_cargo,stock_bright,4476.0,0.9461616161616162
2022-07,S2B_48NUG_20220719_0_L2A,east_cargo,stock_bright,2774.0,0.8904709748083242
2022-07,S2B_48NUG_20220719_0_L2A,pax_t123,stock_bright,2986.0,0.8718098577829729
2022-07,S2B_48NUG_20220719_0_L2A,pax_t4,stock_bright,2768.0,0.9053599053599054
2022-07,S2B_48NUG_20220719_0_L2A,airfield,stock_bright,2216.0,0.6843163947416543
2022-07,S2B_48NUG_20220719_0_L2A,west_cargo,pairdiff,,0.9461616161616162
2022-07,S2B_48NUG_20220719_0_L2A,east_cargo,pairdiff,,0.8904709748083242
2022-07,S2B_48NUG_20220719_0_L2A,pax_t123,pairdiff,,0.8718098577829729
2022-07,S2B_48NUG_20220719_0_L2A,pax_t4,pairdiff,,0.9053599053599054
2022-07,S2B_48NUG_20220719_0_L2A,airfield,pairdiff,,0.6843163947416543
2022-08,S2B_48NUG_20220808_0_L2A,west_cargo,stock_bright,4240.0,0.938989898989899
2022-08,S2B_48NUG_20220808_0_L2A,east_cargo,stock_bright,1796.0,0.16210295728368018
2022-08,S2B_48NUG_20220808_0_L2A,pax_t123,stock_bright,3420.0,0.9824274303526203
2022-08,S2B_48NUG_20220808_0_L2A,pax_t4,stock_bright,2342.0,0.7892437892437892
2022-08,S2B_48NUG_20220808_0_L2A,airfield,stock_bright,2740.0,0.7308450332202288
2022-11,S2B_48NUG_20221116_0_L2A,west_cargo,stock_bright,3156.0,0.9571717171717171
2022-11,S2B_48NUG_20221116_0_L2A,east_cargo,stock_bright,4604.0,1.0
2022-11,S2B_48NUG_20221116_0_L2A,pax_t123,stock_bright,2110.0,0.37089421390999416
2022-11,S2B_48NUG_20221116_0_L2A,pax_t4,stock_bright,1554.0,0.1748111748111748
2022-11,S2B_48NUG_20221116_0_L2A,airfield,stock_bright,2414.0,0.6716175305280696
2022-12,S2B_48NUG_20221206_0_L2A,west_cargo,stock_bright,9784.0,1.0
2022-12,S2B_48NUG_20221206_0_L2A,east_cargo,stock_bright,8952.0,1.0
2022-12,S2B_48NUG_20221206_0_L2A,pax_t123,stock_bright,8448.0,1.0
2022-12,S2B_48NUG_20221206_0_L2A,pax_t4,stock_bright,7304.0,1.0
2022-12,S2B_48NUG_20221206_0_L2A,airfield,stock_bright,8624.0,0.9912225450555703
2023-02,S2B_48NUG_20230214_0_L2A,west_cargo,stock_bright,1538.0,0.08393939393939394
2023-02,S2B_48NUG_20230214_0_L2A,east_cargo,stock_bright,1628.0,0.18741633199464525
2023-02,S2B_48NUG_20230214_0_L2A,pax_t123,stock_bright,4768.0,0.8793298266121177
2023-02,S2B_48NUG_20230214_0_L2A,pax_t4,stock_bright,1524.0,0.07725907725907726
2023-02,S2B_48NUG_20230214_0_L2A,airfield,stock_bright,2082.0,0.547635979437999
2023-02,S2B_48NUG_20230224_0_L2A,west_cargo,stock_bright,2438.0,0.3288888888888889
2023-02,S2B_48NUG_20230224_0_L2A,east_cargo,stock_bright,3208.0,0.4965315808689303
2023-02,S2B_48NUG_20230224_0_L2A,pax_t123,stock_bright,2008.0,0.01901422170270797
2023-02,S2B_48NUG_20230224_0_L2A,pax_t4,stock_bright,1738.0,0.1798161798161798
2023-02,S2B_48NUG_20230224_0_L2A,airfield,stock_bright,1864.0,0.1789320763150944
2023-02,S2B_48NUG_20230224_0_L2A,west_cargo,pairdiff,,0.3288888888888889
2023-02,S2B_48NUG_20230224_0_L2A,east_cargo,pairdiff,,0.4965315808689303
2023-02,S2B_48NUG_20230224_0_L2A,pax_t123,pairdiff,,0.8793298266121177
2023-02,S2B_48NUG_20230224_0_L2A,pax_t4,pairdiff,5746322.0,0.1798161798161798
2023-02,S2B_48NUG_20230224_0_L2A,airfield,pairdiff,,0.547635979437999
2023-03,S2B_48NUG_20230306_0_L2A,west_cargo,stock_bright,9616.0,1.0
2023-03,S2B_48NUG_20230306_0_L2A,east_cargo,stock_bright,10896.0,1.0
2023-03,S2B_48NUG_20230306_0_L2A,pax_t123,stock_bright,7472.0,1.0
2023-03,S2B_48NUG_20230306_0_L2A,pax_t4,stock_bright,10872.0,1.0
2023-03,S2B_48NUG_20230306_0_L2A,airfield,stock_bright,7560.0,1.0
2023-03,S2B_48NUG_20230316_0_L2A,west_cargo,stock_bright,1376.0,0.0
2023-03,S2B_48NUG_20230316_0_L2A,east_cargo,stock_bright,1508.0,0.03431909456005842
2023-03,S2B_48NUG_20230316_0_L2A,pax_t123,stock_bright,1586.0,0.00015585427625170465
2023-03,S2B_48NUG_20230316_0_L2A,pax_t4,stock_bright,1700.0,0.32505232505232506
2023-03,S2B_48NUG_20230316_0_L2A,airfield,stock_bright,1298.0,0.10622345937379361
2023-03,S2B_48NUG_20230316_0_L2A,west_cargo,pairdiff,,1.0
2023-03,S2B_48NUG_20230316_0_L2A,east_cargo,pairdiff,,1.0
2023-03,S2B_48NUG_20230316_0_L2A,pax_t123,pairdiff,,1.0
2023-03,S2B_48NUG_20230316_0_L2A,pax_t4,pairdiff,,1.0
2023-03,S2B_48NUG_20230316_0_L2A,airfield,pairdiff,,1.0
2023-03,S2B_48NUG_20230326_0_L2A,west_cargo,stock_bright,10320.0,0.9995959595959596
2023-03,S2B_48NUG_20230326_0_L2A,east_cargo,stock_bright,7052.0,1.0
2023-03,S2B_48NUG_20230326_0_L2A,pax_t123,stock_bright,3030.0,0.8831092928112215
2023-03,S2B_48NUG_20230326_0_L2A,pax_t4,stock_bright,4172.0,0.9357539357539357
2023-03,S2B_48NUG_20230326_0_L2A,airfield,stock_bright,4816.0,0.9154154052461548
2023-03,S2B_48NUG_20230326_0_L2A,west_cargo,pairdiff,,0.9995959595959596
2023-03,S2B_48NUG_20230326_0_L2A,east_cargo,pairdiff,,1.0
2023-03,S2B_48NUG_20230326_0_L2A,pax_t123,pairdiff,,0.8831092928112215
2023-03,S2B_48NUG_20230326_0_L2A,pax_t4,pairdiff,,0.9357539357539357
2023-03,S2B_48NUG_20230326_0_L2A,airfield,pairdiff,,0.9154154052461548
2023-04,S2B_48NUG_20230415_0_L2A,west_cargo,stock_bright,1594.0,0.6186868686868687
2023-04,S2B_48NUG_20230415_0_L2A,east_cargo,stock_bright,6392.0,1.0
2023-04,S2B_48NUG_20230415_0_L2A,pax_t123,stock_bright,9392.0,0.999961036430937
2023-04,S2B_48NUG_20230415_0_L2A,pax_t4,stock_bright,2962.0,0.9885339885339886
2023-04,S2B_48NUG_20230415_0_L2A,airfield,stock_bright,2978.0,0.6716175305280696
2023-05,S2B_48NUG_20230525_0_L2A,west_cargo,stock_bright,2274.0,0.9418181818181818
2023-05,S2B_48NUG_20230525_0_L2A,east_cargo,stock_bright,2166.0,0.7082876962395035
2023-05,S2B_48NUG_20230525_0_L2A,pax_t123,stock_bright,1456.0,0.10212351451392948
2023-05,S2B_48NUG_20230525_0_L2A,pax_t4,stock_bright,1556.0,0.21548821548821548
2023-05,S2B_48NUG_20230525_0_L2A,airfield,stock_bright,1396.0,0.24687607940345815
2023-07,S2B_48NUG_20230724_0_L2A,west_cargo,stock_bright,1304.0,0.0
2023-07,S2B_48NUG_20230724_0_L2A,east_cargo,stock_bright,1428.0,0.0
2023-07,S2B_48NUG_20230724_0_L2A,pax_t123,stock_bright,1552.0,0.1642704071692967
2023-07,S2B_48NUG_20230724_0_L2A,pax_t4,stock_bright,1420.0,0.057148057148057145
2023-07,S2B_48NUG_20230724_0_L2A,airfield,stock_bright,1120.0,0.049942093179186055
2023-08,S2B_48NUG_20230813_0_L2A,west_cargo,stock_bright,8056.0,1.0
2023-08,S2B_48NUG_20230813_0_L2A,east_cargo,stock_bright,12216.0,1.0
2023-08,S2B_48NUG_20230813_0_L2A,pax_t123,stock_bright,5436.0,1.0
2023-08,S2B_48NUG_20230813_0_L2A,pax_t4,stock_bright,6420.0,1.0
2023-08,S2B_48NUG_20230813_0_L2A,airfield,stock_bright,7264.0,0.9723571123798688
2023-08,S2B_48NUG_20230823_0_L2A,west_cargo,stock_bright,2322.0,0.9661616161616161
2023-08,S2B_48NUG_20230823_0_L2A,east_cargo,stock_bright,2394.0,1.0
2023-08,S2B_48NUG_20230823_0_L2A,pax_t123,stock_bright,2420.0,0.9693746347165401
2023-08,S2B_48NUG_20230823_0_L2A,pax_t4,stock_bright,2596.0,1.0
2023-08,S2B_48NUG_20230823_0_L2A,airfield,stock_bright,2434.0,0.9317309059877684
2023-08,S2B_48NUG_20230823_0_L2A,west_cargo,pairdiff,,1.0
2023-08,S2B_48NUG_20230823_0_L2A,east_cargo,pairdiff,,1.0
2023-08,S2B_48NUG_20230823_0_L2A,pax_t123,pairdiff,,1.0
2023-08,S2B_48NUG_20230823_0_L2A,pax_t4,pairdiff,,1.0
2023-08,S2B_48NUG_20230823_0_L2A,airfield,pairdiff,,0.9723571123798688
2023-09,S2B_48NUG_20230922_0_L2A,west_cargo,stock_bright,9824.0,1.0
2023-09,S2B_48NUG_20230922_0_L2A,east_cargo,stock_bright,10616.0,1.0
2023-09,S2B_48NUG_20230922_0_L2A,pax_t123,stock_bright,8600.0,1.0
2023-09,S2B_48NUG_20230922_0_L2A,pax_t4,stock_bright,9800.0,1.0
2023-09,S2B_48NUG_20230922_0_L2A,airfield,stock_bright,8840.0,0.9962614543755206
2023-10,S2B_48NUG_20231012_0_L2A,west_cargo,stock_bright,1142.0,0.07595959595959596
2023-10,S2B_48NUG_20231012_0_L2A,east_cargo,stock_bright,1380.0,0.11610076670317634
2023-10,S2B_48NUG_20231012_0_L2A,pax_t123,stock_bright,1332.0,0.004753555425676992
2023-10,S2B_48NUG_20231012_0_L2A,pax_t4,stock_bright,1456.0,0.05350805350805351
2023-10,S2B_48NUG_20231012_0_L2A,airfield,stock_bright,1236.0,0.0699859804539082
2023-10,S2B_48NUG_20231012_1_L2A,west_cargo,stock_bright,1094.0,0.0
2023-10,S2B_48NUG_20231012_1_L2A,east_cargo,stock_bright,1310.0,0.0
2023-10,S2B_48NUG_20231012_1_L2A,pax_t123,stock_bright,1320.0,0.0
2023-10,S2B_48NUG_20231012_1_L2A,pax_t4,stock_bright,1388.0,0.0
2023-10,S2B_48NUG_20231012_1_L2A,airfield,stock_bright,1190.0,0.022725887396631245
2023-10,S2B_48NUG_20231012_1_L2A,west_cargo,pairdiff,1047852.0,0.07595959595959596
2023-10,S2B_48NUG_20231012_1_L2A,east_cargo,pairdiff,1141028.0,0.11610076670317634
2023-10,S2B_48NUG_20231012_1_L2A,pax_t123,pairdiff,2662278.0,0.004753555425676992
2023-10,S2B_48NUG_20231012_1_L2A,pax_t4,pairdiff,1340712.0,0.05350805350805351
2023-10,S2B_48NUG_20231012_1_L2A,airfield,pairdiff,19289618.0,0.0699859804539082
2023-11,S2B_48NUG_20231101_0_L2A,west_cargo,stock_bright,10528.0,1.0
2023-11,S2B_48NUG_20231101_0_L2A,east_cargo,stock_bright,11400.0,1.0
2023-11,S2B_48NUG_20231101_0_L2A,pax_t123,stock_bright,12792.0,1.0
2023-11,S2B_48NUG_20231101_0_L2A,pax_t4,stock_bright,8424.0,1.0
2023-11,S2B_48NUG_20231101_0_L2A,airfield,stock_bright,9696.0,0.9750492715931487
2023-11,S2B_48NUG_20231111_0_L2A,west_cargo,stock_bright,1338.0,0.10787878787878788
2023-11,S2B_48NUG_20231111_0_L2A,east_cargo,stock_bright,1272.0,0.0009735913350371182
2023-11,S2B_48NUG_20231111_0_L2A,pax_t123,stock_bright,6312.0,0.9681278005065264
2023-11,S2B_48NUG_20231111_0_L2A,pax_t4,stock_bright,2078.0,0.7333697333697333
2023-11,S2B_48NUG_20231111_0_L2A,airfield,stock_bright,1618.0,0.5014527500660341
2023-11,S2B_48NUG_20231111_0_L2A,west_cargo,pairdiff,,1.0
2023-11,S2B_48NUG_20231111_0_L2A,east_cargo,pairdiff,,1.0
2023-11,S2B_48NUG_20231111_0_L2A,pax_t123,pairdiff,,1.0
2023-11,S2B_48NUG_20231111_0_L2A,pax_t4,pairdiff,,1.0
2023-11,S2B_48NUG_20231111_0_L2A,airfield,pairdiff,,0.9750492715931487
2023-12,S2B_48NUG_20231211_0_L2A,west_cargo,stock_bright,1578.0,0.38272727272727275
2023-12,S2B_48NUG_20231211_0_L2A,east_cargo,stock_bright,2392.0,0.9992698064987222
2023-12,S2B_48NUG_20231211_0_L2A,pax_t123,stock_bright,1928.0,0.4026884862653419
2023-12,S2B_48NUG_20231211_0_L2A,pax_t4,stock_bright,3064.0,1.0
2023-12,S2B_48NUG_20231211_0_L2A,airfield,stock_bright,2016.0,0.6099112095414186
2024-01,S2B_48NUG_20240130_0_L2A,west_cargo,stock_bright,908.0,0.1412121212121212
2024-01,S2B_48NUG_20240130_0_L2A,east_cargo,stock_bright,1388.0,0.3988073506145795
2024-01,S2B_48NUG_20240130_0_L2A,pax_t123,stock_bright,1888.0,0.1983635300993571
2024-01,S2B_48NUG_20240130_0_L2A,pax_t4,stock_bright,1786.0,0.7541177541177542
2024-01,S2B_48NUG_20240130_0_L2A,airfield,stock_bright,1312.0,0.3584533799296991
2024-02,S2B_48NUG_20240219_0_L2A,west_cargo,stock_bright,1500.0,0.2314141414141414
2024-02,S2B_48NUG_20240219_0_L2A,east_cargo,stock_bright,2034.0,0.8186686138493368
2024-02,S2B_48NUG_20240219_0_L2A,pax_t123,stock_bright,1628.0,0.0
2024-02,S2B_48NUG_20240219_0_L2A,pax_t4,stock_bright,1272.0,0.12048412048412048
2024-02,S2B_48NUG_20240219_0_L2A,airfield,stock_bright,1168.0,0.25564337525651704
2024-02,S2B_48NUG_20240229_0_L2A,west_cargo,stock_bright,1476.0,0.0
2024-02,S2B_48NUG_20240229_0_L2A,east_cargo,stock_bright,1654.0,0.0
2024-02,S2B_48NUG_20240229_0_L2A,pax_t123,stock_bright,1688.0,0.0
2024-02,S2B_48NUG_20240229_0_L2A,pax_t4,stock_bright,928.0,0.33824733824733827
2024-02,S2B_48NUG_20240229_0_L2A,airfield,stock_bright,1268.0,0.0988479590385436
2024-02,S2B_48NUG_20240229_0_L2A,west_cargo,pairdiff,2941585.0,0.2314141414141414
2024-02,S2B_48NUG_20240229_0_L2A,east_cargo,pairdiff,,0.8186686138493368
2024-02,S2B_48NUG_20240229_0_L2A,pax_t123,pairdiff,4564995.0,0.0
2024-02,S2B_48NUG_20240229_0_L2A,pax_t4,pairdiff,,0.33824733824733827
2024-02,S2B_48NUG_20240229_0_L2A,airfield,pairdiff,125744088.0,0.25564337525651704
2024-03,S2B_48NUG_20240330_0_L2A,west_cargo,stock_bright,2468.0,0.9987878787878788
2024-03,S2B_48NUG_20240330_0_L2A,east_cargo,stock_bright,2276.0,1.0
2024-03,S2B_48NUG_20240330_0_L2A,pax_t123,stock_bright,2332.0,0.9350866939411651
2024-03,S2B_48NUG_20240330_0_L2A,pax_t4,stock_bright,2490.0,0.7643097643097643
2024-03,S2B_48NUG_20240330_0_L2A,airfield,stock_bright,2106.0,0.8390596745027125
2024-04,S2B_48NUG_20240419_0_L2A,west_cargo,stock_bright,2413.0,0.5678787878787879
2024-04,S2B_48NUG_20240419_0_L2A,east_cargo,stock_bright,1832.0,0.12072532554460265
2024-04,S2B_48NUG_20240419_0_L2A,pax_t123,stock_bright,2330.0,0.4633547632963179
2024-04,S2B_48NUG_20240419_0_L2A,pax_t4,stock_bright,1404.0,0.08890708890708891
2024-04,S2B_48NUG_20240419_0_L2A,airfield,stock_bright,1488.0,0.3088770140398643
2024-04,S2B_48NUG_20240429_0_L2A,west_cargo,stock_bright,1492.0,0.6944444444444444
2024-04,S2B_48NUG_20240429_0_L2A,east_cargo,stock_bright,1492.0,0.5640744797371303
2024-04,S2B_48NUG_20240429_0_L2A,pax_t123,stock_bright,1410.0,0.710305864017144
2024-04,S2B_48NUG_20240429_0_L2A,pax_t4,stock_bright,1490.0,0.5451815451815452
2024-04,S2B_48NUG_20240429_0_L2A,airfield,stock_bright,1294.0,0.4512363614198346
2024-04,S2B_48NUG_20240429_0_L2A,west_cargo,pairdiff,,0.6944444444444444
2024-04,S2B_48NUG_20240429_0_L2A,east_cargo,pairdiff,,0.5640744797371303
2024-04,S2B_48NUG_20240429_0_L2A,pax_t123,pairdiff,,0.710305864017144
2024-04,S2B_48NUG_20240429_0_L2A,pax_t4,pairdiff,,0.5451815451815452
2024-04,S2B_48NUG_20240429_0_L2A,airfield,pairdiff,,0.4512363614198346
2024-05,S2B_48NUG_20240509_0_L2A,west_cargo,stock_bright,1491.0,0.1716161616161616
2024-05,S2B_48NUG_20240509_0_L2A,east_cargo,stock_bright,1768.0,0.19447486917366436
2024-05,S2B_48NUG_20240509_0_L2A,pax_t123,stock_bright,1590.0,0.3867134229495422
2024-05,S2B_48NUG_20240509_0_L2A,pax_t4,stock_bright,1234.0,0.0
2024-05,S2B_48NUG_20240509_0_L2A,airfield,stock_bright,1130.0,0.15243716601987117
2024-05,S2B_48NUG_20240529_0_L2A,west_cargo,stock_bright,1942.0,0.0
2024-05,S2B_48NUG_20240529_0_L2A,east_cargo,stock_bright,1730.0,0.07898259705488621
2024-05,S2B_48NUG_20240529_0_L2A,pax_t123,stock_bright,2196.0,0.8910968244691214
2024-05,S2B_48NUG_20240529_0_L2A,pax_t4,stock_bright,2132.0,0.8713258713258714
2024-05,S2B_48NUG_20240529_0_L2A,airfield,stock_bright,2002.0,0.535038706138123
2024-05,S2B_48NUG_20240529_0_L2A,west_cargo,pairdiff,5430379.0,0.1716161616161616
2024-05,S2B_48NUG_20240529_0_L2A,east_cargo,pairdiff,4814293.0,0.19447486917366436
2024-05,S2B_48NUG_20240529_0_L2A,pax_t123,pairdiff,,0.8910968244691214
2024-05,S2B_48NUG_20240529_0_L2A,pax_t4,pairdiff,,0.8713258713258714
2024-05,S2B_48NUG_20240529_0_L2A,airfield,pairdiff,,0.535038706138123
2024-06,S2B_48NUG_20240628_0_L2A,west_cargo,stock_bright,7872.0,1.0
2024-06,S2B_48NUG_20240628_0_L2A,east_cargo,stock_bright,2536.0,0.7635390045028599
2024-06,S2B_48NUG_20240628_0_L2A,pax_t123,stock_bright,5976.0,0.977868692772258
2024-06,S2B_48NUG_20240628_0_L2A,pax_t4,stock_bright,1210.0,0.4462644462644463
2024-06,S2B_48NUG_20240628_0_L2A,airfield,stock_bright,1662.0,0.5464981612044618
2024-07,S2B_48NUG_20240718_0_L2A,west_cargo,stock_bright,1273.0,0.7373737373737373
2024-07,S2B_48NUG_20240718_0_L2A,east_cargo,stock_bright,1802.0,0.8497018376536449
2024-07,S2B_48NUG_20240718_0_L2A,pax_t123,stock_bright,1656.0,0.08988895382817066
2024-07,S2B_48NUG_20240718_0_L2A,pax_t4,stock_bright,2940.0,0.9246519246519247
2024-07,S2B_48NUG_20240718_0_L2A,airfield,stock_bright,1346.0,0.4224454964747953
2024-07,S2B_48NUG_20240728_0_L2A,west_cargo,stock_bright,1626.0,0.3797979797979798
2024-07,S2B_48NUG_20240728_0_L2A,east_cargo,stock_bright,1790.0,0.22404770597541682
2024-07,S2B_48NUG_20240728_0_L2A,pax_t123,stock_bright,1652.0,0.10430547438145334
2024-07,S2B_48NUG_20240728_0_L2A,pax_t4,stock_bright,1852.0,0.2222222222222222
2024-07,S2B_48NUG_20240728_0_L2A,airfield,stock_bright,1450.0,0.2342483288294695
2024-07,S2B_48NUG_20240728_0_L2A,west_cargo,pairdiff,,0.7373737373737373
2024-07,S2B_48NUG_20240728_0_L2A,east_cargo,pairdiff,,0.8497018376536449
2024-07,S2B_48NUG_20240728_0_L2A,pax_t123,pairdiff,7744330.0,0.10430547438145334
2024-07,S2B_48NUG_20240728_0_L2A,pax_t4,pairdiff,,0.9246519246519247
2024-07,S2B_48NUG_20240728_0_L2A,airfield,pairdiff,,0.4224454964747953
2024-08,S2B_48NUG_20240817_0_L2A,west_cargo,stock_bright,1738.0,0.772020202020202
2024-08,S2B_48NUG_20240817_0_L2A,east_cargo,stock_bright,2014.0,0.9710356577826458
2024-08,S2B_48NUG_20240817_0_L2A,pax_t123,stock_bright,1890.0,0.3137736216637444
2024-08,S2B_48NUG_20240817_0_L2A,pax_t4,stock_bright,1764.0,0.15215215215215216
2024-08,S2B_48NUG_20240817_0_L2A,airfield,stock_bright,1356.0,0.2525448523884024
2025-02,S2B_48NUG_20250203_0_L2A,west_cargo,stock_bright,1704.0,0.428989898989899
2025-02,S2B_48NUG_20250203_0_L2A,east_cargo,stock_bright,1798.0,0.9727394426189607
2025-02,S2B_48NUG_20250203_0_L2A,pax_t123,stock_bright,1706.0,0.0
2025-02,S2B_48NUG_20250203_0_L2A,pax_t4,stock_bright,2008.0,0.3163163163163163
2025-02,S2B_48NUG_20250203_0_L2A,airfield,stock_bright,1400.0,0.14680902940041043
2025-02,S2B_48NUG_20250223_0_L2A,west_cargo,stock_bright,1384.0,0.09454545454545454
2025-02,S2B_48NUG_20250223_0_L2A,east_cargo,stock_bright,2056.0,0.3357673116709261
2025-02,S2B_48NUG_20250223_0_L2A,pax_t123,stock_bright,7888.0,1.0
2025-02,S2B_48NUG_20250223_0_L2A,pax_t4,stock_bright,3204.0,0.9905359905359905
2025-02,S2B_48NUG_20250223_0_L2A,airfield,stock_bright,2917.0,0.7369811244082329
2025-02,S2B_48NUG_20250223_0_L2A,west_cargo,pairdiff,,0.428989898989899
2025-02,S2B_48NUG_20250223_0_L2A,east_cargo,pairdiff,,0.9727394426189607
2025-02,S2B_48NUG_20250223_0_L2A,pax_t123,pairdiff,,1.0
2025-02,S2B_48NUG_20250223_0_L2A,pax_t4,pairdiff,,0.9905359905359905
2025-02,S2B_48NUG_20250223_0_L2A,airfield,pairdiff,,0.7369811244082329
2025-05,S2B_48NUG_20250524_0_L2A,west_cargo,stock_bright,3600.0,1.0
2025-05,S2B_48NUG_20250524_0_L2A,east_cargo,stock_bright,5376.0,0.9875867104782767
2025-05,S2B_48NUG_20250524_0_L2A,pax_t123,stock_bright,1288.0,0.3478277810247419
2025-05,S2B_48NUG_20250524_0_L2A,pax_t4,stock_bright,1384.0,0.35308035308035307
2025-05,S2B_48NUG_20250524_0_L2A,airfield,stock_bright,1788.0,0.5621228437328565
2025-06,S2B_48NUG_20250613_0_L2A,west_cargo,stock_bright,4334.0,0.9939393939393939
2025-06,S2B_48NUG_20250613_0_L2A,east_cargo,stock_bright,1788.0,0.5028599245466715
2025-06,S2B_48NUG_20250613_0_L2A,pax_t123,stock_bright,2016.0,0.7955191895577635
2025-06,S2B_48NUG_20250613_0_L2A,pax_t4,stock_bright,2518.0,0.8112658112658113
2025-06,S2B_48NUG_20250613_0_L2A,airfield,stock_bright,2020.0,0.6811061218684601
2025-07,S2B_48NUG_20250703_0_L2A,west_cargo,stock_bright,1328.0,0.0
2025-07,S2B_48NUG_20250703_0_L2A,east_cargo,stock_bright,1378.0,0.0
2025-07,S2B_48NUG_20250703_0_L2A,pax_t123,stock_bright,1516.0,0.0
2025-07,S2B_48NUG_20250703_0_L2A,pax_t4,stock_bright,1098.0,0.0
2025-07,S2B_48NUG_20250703_0_L2A,airfield,stock_bright,972.0,2.031818274173558e-05
2025-08,S2B_48NUG_20250822_0_L2A,west_cargo,stock_bright,1432.0,0.06484848484848485
2025-08,S2B_48NUG_20250822_0_L2A,east_cargo,stock_bright,1480.0,0.0
2025-08,S2B_48NUG_20250822_0_L2A,pax_t123,stock_bright,1642.0,0.11954022988505747
2025-08,S2B_48NUG_20250822_0_L2A,pax_t4,stock_bright,1636.0,0.0
2025-08,S2B_48NUG_20250822_0_L2A,airfield,stock_bright,1184.0,0.07444582156571916
2025-09,S2B_48NUG_20250921_0_L2A,west_cargo,stock_bright,1896.0,0.9661616161616161
2025-09,S2B_48NUG_20250921_0_L2A,east_cargo,stock_bright,2514.0,1.0
2025-09,S2B_48NUG_20250921_0_L2A,pax_t123,stock_bright,2878.0,0.9921293590492889
2025-09,S2B_48NUG_20250921_0_L2A,pax_t4,stock_bright,4380.0,1.0
2025-09,S2B_48NUG_20250921_0_L2A,airfield,stock_bright,3076.0,0.9135664506166569
2025-12,S2B_48NUG_20251220_0_L2A,west_cargo,stock_bright,3180.0,0.22101010101010102
2025-12,S2B_48NUG_20251220_0_L2A,east_cargo,stock_bright,1742.0,0.08762322015334063
2025-12,S2B_48NUG_20251220_0_L2A,pax_t123,stock_bright,1810.0,0.005922462497564777
2025-12,S2B_48NUG_20251220_0_L2A,pax_t4,stock_bright,1756.0,0.0
2025-12,S2B_48NUG_20251220_0_L2A,airfield,stock_bright,1484.0,0.18722189487372248
2026-01,S2B_48NUG_20260129_0_L2A,west_cargo,stock_bright,8656.0,1.0
2026-01,S2B_48NUG_20260129_0_L2A,east_cargo,stock_bright,8752.0,1.0
2026-01,S2B_48NUG_20260129_0_L2A,pax_t123,stock_bright,9096.0,1.0
2026-01,S2B_48NUG_20260129_0_L2A,pax_t4,stock_bright,9296.0,1.0
2026-01,S2B_48NUG_20260129_0_L2A,airfield,stock_bright,9032.0,1.0
2026-02,S2B_48NUG_20260208_0_L2A,west_cargo,stock_bright,1439.0,0.0
2026-02,S2B_48NUG_20260208_0_L2A,east_cargo,stock_bright,1471.0,0.0
2026-02,S2B_48NUG_20260208_0_L2A,pax_t123,stock_bright,1584.0,0.0
2026-02,S2B_48NUG_20260208_0_L2A,pax_t4,stock_bright,1782.0,0.1445081445081445
2026-02,S2B_48NUG_20260208_0_L2A,airfield,stock_bright,1315.0,0.04858077493548977
2026-02,S2B_48NUG_20260228_0_L2A,west_cargo,stock_bright,1576.0,0.0
2026-02,S2B_48NUG_20260228_0_L2A,east_cargo,stock_bright,1589.0,0.0
2026-02,S2B_48NUG_20260228_0_L2A,pax_t123,stock_bright,1973.0,0.5383206701733879
2026-02,S2B_48NUG_20260228_0_L2A,pax_t4,stock_bright,1954.0,0.01647101647101647
2026-02,S2B_48NUG_20260228_0_L2A,airfield,stock_bright,1624.0,0.3165572871162403
2026-02,S2B_48NUG_20260228_0_L2A,west_cargo,pairdiff,2036981.0,0.0
2026-02,S2B_48NUG_20260228_0_L2A,east_cargo,pairdiff,2178181.0,0.0
2026-02,S2B_48NUG_20260228_0_L2A,pax_t123,pairdiff,,0.5383206701733879
2026-02,S2B_48NUG_20260228_0_L2A,pax_t4,pairdiff,3213853.0,0.1445081445081445
2026-02,S2B_48NUG_20260228_0_L2A,airfield,pairdiff,,0.3165572871162403
2026-03,S2B_48NUG_20260320_0_L2A,west_cargo,stock_bright,1466.0,0.0
2026-03,S2B_48NUG_20260320_0_L2A,east_cargo,stock_bright,1555.0,0.0
2026-03,S2B_48NUG_20260320_0_L2A,pax_t123,stock_bright,1616.0,0.0
2026-03,S2B_48NUG_20260320_0_L2A,pax_t4,stock_bright,2162.0,0.05350805350805351
2026-03,S2B_48NUG_20260320_0_L2A,airfield,stock_bright,1274.0,0.0037385456244793465
2026-05,S2B_48NUG_20260519_0_L2A,west_cargo,stock_bright,1425.0,0.0
2026-05,S2B_48NUG_20260519_0_L2A,east_cargo,stock_bright,1488.0,0.0
2026-05,S2B_48NUG_20260519_0_L2A,pax_t123,stock_bright,1599.0,0.0
2026-05,S2B_48NUG_20260519_0_L2A,pax_t4,stock_bright,1853.0,0.0
2026-05,S2B_48NUG_20260519_0_L2A,airfield,stock_bright,1156.0,0.0
2026-06,S2B_48NUG_20260618_0_L2A,west_cargo,stock_bright,2231.0,0.9185858585858586
2026-06,S2B_48NUG_20260618_0_L2A,east_cargo,stock_bright,2212.0,1.0
2026-06,S2B_48NUG_20260618_0_L2A,pax_t123,stock_bright,2109.0,0.942957334891876
2026-06,S2B_48NUG_20260618_0_L2A,pax_t4,stock_bright,2217.0,0.8671398671398671
2026-06,S2B_48NUG_20260618_0_L2A,airfield,stock_bright,2057.0,0.8405835382083426
2026-07,S2B_48NUG_20260728_0_L2A,west_cargo,stock_bright,1898.5,0.5585858585858586
2026-07,S2B_48NUG_20260728_0_L2A,east_cargo,stock_bright,1500.0,0.2727272727272727
2026-07,S2B_48NUG_20260728_0_L2A,pax_t123,stock_bright,2245.0,0.8158581726086109
2026-07,S2B_48NUG_20260728_0_L2A,pax_t4,stock_bright,1941.0,0.7948857948857949
2026-07,S2B_48NUG_20260728_0_L2A,airfield,stock_bright,1929.0,0.6913668041530365
2026-08,S2B_48NUG_20260817_0_L2A,west_cargo,stock_bright,2366.5,0.927070707070707
2026-08,S2B_48NUG_20260817_0_L2A,east_cargo,stock_bright,3154.0,0.871972739442619
2026-08,S2B_48NUG_20260817_0_L2A,pax_t123,stock_bright,3223.0,0.9067212156633547
2026-08,S2B_48NUG_20260817_0_L2A,pax_t4,stock_bright,3230.0,0.5522795522795523
2026-08,S2B_48NUG_20260817_0_L2A,airfield,stock_bright,2267.0,0.6769510534977752
2024-11,S2C_48NUG_20241110_2_L2A,west_cargo,stock_bright,1882.0,1.0
2024-11,S2C_48NUG_20241110_2_L2A,east_cargo,stock_bright,2044.0,1.0
2024-11,S2C_48NUG_20241110_2_L2A,pax_t123,stock_bright,1868.0,1.0
2024-11,S2C_48NUG_20241110_2_L2A,pax_t4,stock_bright,2152.0,1.0
2024-11,S2C_48NUG_20241110_2_L2A,airfield,stock_bright,2214.0,1.0
2025-02,S2C_48NUG_20250208_0_L2A,west_cargo,stock_bright,1408.0,0.0
2025-02,S2C_48NUG_20250208_0_L2A,east_cargo,stock_bright,1446.0,0.0
2025-02,S2C_48NUG_20250208_0_L2A,pax_t123,stock_bright,1568.0,0.0
2025-02,S2C_48NUG_20250208_0_L2A,pax_t4,stock_bright,1572.0,0.0
2025-02,S2C_48NUG_20250208_0_L2A,airfield,stock_bright,1118.0,0.002031818274173558
2025-03,S2C_48NUG_20250330_0_L2A,west_cargo,stock_bright,1466.0,0.0
2025-03,S2C_48NUG_20250330_0_L2A,east_cargo,stock_bright,1558.0,0.0
2025-03,S2C_48NUG_20250330_0_L2A,pax_t123,stock_bright,1732.0,0.029924021040327296
2025-03,S2C_48NUG_20250330_0_L2A,pax_t4,stock_bright,1390.0,0.04040404040404041
2025-03,S2C_48NUG_20250330_0_L2A,airfield,stock_bright,1206.0,0.11339577788162626
2025-04,S2C_48NUG_20250409_0_L2A,west_cargo,stock_bright,1398.0,0.0
2025-04,S2C_48NUG_20250409_0_L2A,east_cargo,stock_bright,1384.0,0.0
2025-04,S2C_48NUG_20250409_0_L2A,pax_t123,stock_bright,1660.0,0.027274498344048315
2025-04,S2C_48NUG_20250409_0_L2A,pax_t4,stock_bright,1178.0,0.035672035672035675
2025-04,S2C_48NUG_20250409_0_L2A,airfield,stock_bright,1028.0,0.06044659365666335
2025-04,S2C_48NUG_20250419_0_L2A,west_cargo,stock_bright,513.0,0.12191919191919191
2025-04,S2C_48NUG_20250419_0_L2A,east_cargo,stock_bright,434.0,0.22928075940124132
2025-04,S2C_48NUG_20250419_0_L2A,pax_t123,stock_bright,1046.0,0.00015585427625170465
2025-04,S2C_48NUG_20250419_0_L2A,pax_t4,stock_bright,830.0,0.004186004186004186
2025-04,S2C_48NUG_20250419_0_L2A,airfield,stock_bright,691.0,0.10393766381534836
2025-04,S2C_48NUG_20250419_0_L2A,west_cargo,pairdiff,9149308.0,0.12191919191919191
2025-04,S2C_48NUG_20250419_0_L2A,east_cargo,pairdiff,7698640.0,0.22928075940124132
2025-04,S2C_48NUG_20250419_0_L2A,pax_t123,pairdiff,15680699.0,0.027274498344048315
2025-04,S2C_48NUG_20250419_0_L2A,pax_t4,pairdiff,5490964.0,0.035672035672035675
2025-04,S2C_48NUG_20250419_0_L2A,airfield,pairdiff,106289048.0,0.10393766381534836
2025-04,S2C_48NUG_20250429_0_L2A,west_cargo,stock_bright,8320.0,1.0
2025-04,S2C_48NUG_20250429_0_L2A,east_cargo,stock_bright,7256.0,1.0
2025-04,S2C_48NUG_20250429_0_L2A,pax_t123,stock_bright,4232.0,0.9982856029612313
2025-04,S2C_48NUG_20250429_0_L2A,pax_t4,stock_bright,2710.0,0.7901537901537902
2025-04,S2C_48NUG_20250429_0_L2A,airfield,stock_bright,5148.0,0.8671292439604201
2025-04,S2C_48NUG_20250429_0_L2A,west_cargo,pairdiff,,1.0
2025-04,S2C_48NUG_20250429_0_L2A,east_cargo,pairdiff,,1.0
2025-04,S2C_48NUG_20250429_0_L2A,pax_t123,pairdiff,,0.9982856029612313
2025-04,S2C_48NUG_20250429_0_L2A,pax_t4,pairdiff,,0.7901537901537902
2025-04,S2C_48NUG_20250429_0_L2A,airfield,pairdiff,,0.8671292439604201
2025-06,S2C_48NUG_20250608_0_L2A,west_cargo,stock_bright,1366.0,0.0
2025-06,S2C_48NUG_20250608_0_L2A,east_cargo,stock_bright,1412.0,0.0
2025-06,S2C_48NUG_20250608_0_L2A,pax_t123,stock_bright,1520.0,0.0
2025-06,S2C_48NUG_20250608_0_L2A,pax_t4,stock_bright,1208.0,0.0
2025-06,S2C_48NUG_20250608_0_L2A,airfield,stock_bright,1052.0,0.0
2025-07,S2C_48NUG_20250718_0_L2A,west_cargo,stock_bright,1384.0,0.0
2025-07,S2C_48NUG_20250718_0_L2A,east_cargo,stock_bright,1400.0,0.09005719849093342
2025-07,S2C_48NUG_20250718_0_L2A,pax_t123,stock_bright,1530.0,0.0070134424313267095
2025-07,S2C_48NUG_20250718_0_L2A,pax_t4,stock_bright,1542.0,0.0
2025-07,S2C_48NUG_20250718_0_L2A,airfield,stock_bright,1116.0,0.03939695633622529
2025-07,S2C_48NUG_20250728_0_L2A,west_cargo,stock_bright,1389.0,0.0
2025-07,S2C_48NUG_20250728_0_L2A,east_cargo,stock_bright,1430.0,0.0
2025-07,S2C_48NUG_20250728_0_L2A,pax_t123,stock_bright,1594.0,0.00903954802259887
2025-07,S2C_48NUG_20250728_0_L2A,pax_t4,stock_bright,1494.0,0.0
2025-07,S2C_48NUG_20250728_0_L2A,airfield,stock_bright,1150.0,0.013410000609545482
2025-07,S2C_48NUG_20250728_0_L2A,west_cargo,pairdiff,1218482.0,0.0
2025-07,S2C_48NUG_20250728_0_L2A,east_cargo,pairdiff,1290989.0,0.09005719849093342
2025-07,S2C_48NUG_20250728_0_L2A,pax_t123,pairdiff,3500183.0,0.00903954802259887
2025-07,S2C_48NUG_20250728_0_L2A,pax_t4,pairdiff,4258012.0,0.0
2025-07,S2C_48NUG_20250728_0_L2A,airfield,pairdiff,41558724.0,0.03939695633622529
2025-08,S2C_48NUG_20250807_0_L2A,west_cargo,stock_bright,1400.0,0.0
2025-08,S2C_48NUG_20250807_0_L2A,east_cargo,stock_bright,1428.0,0.0
2025-08,S2C_48NUG_20250807_0_L2A,pax_t123,stock_bright,1560.0,0.0
2025-08,S2C_48NUG_20250807_0_L2A,pax_t4,stock_bright,1568.0,0.0
2025-08,S2C_48NUG_20250807_0_L2A,airfield,stock_bright,1132.0,0.009407318609423574
2025-09,S2C_48NUG_20250906_0_L2A,west_cargo,stock_bright,1378.0,0.0
2025-09,S2C_48NUG_20250906_0_L2A,east_cargo,stock_bright,1454.0,0.0
2025-09,S2C_48NUG_20250906_0_L2A,pax_t123,stock_bright,1552.0,0.0
2025-09,S2C_48NUG_20250906_0_L2A,pax_t4,stock_bright,1488.0,0.0
2025-09,S2C_48NUG_20250906_0_L2A,airfield,stock_bright,1076.0,0.0
2025-10,S2C_48NUG_20251016_0_L2A,west_cargo,stock_bright,1812.0,0.8593939393939394
2025-10,S2C_48NUG_20251016_0_L2A,east_cargo,stock_bright,1400.0,0.6390410125349885
2025-10,S2C_48NUG_20251016_0_L2A,pax_t123,stock_bright,1282.0,0.818975258133645
2025-10,S2C_48NUG_20251016_0_L2A,pax_t4,stock_bright,5156.0,0.9885339885339886
2025-10,S2C_48NUG_20251016_0_L2A,airfield,stock_bright,1652.0,0.6587256435784383
2025-10,S2C_48NUG_20251026_0_L2A,west_cargo,stock_bright,1874.0,0.3691919191919192
2025-10,S2C_48NUG_20251026_0_L2A,east_cargo,stock_bright,716.0,0.36302786905196543
2025-10,S2C_48NUG_20251026_0_L2A,pax_t123,stock_bright,1746.0,0.3306448470679914
2025-10,S2C_48NUG_20251026_0_L2A,pax_t4,stock_bright,3464.0,0.9541359541359541
2025-10,S2C_48NUG_20251026_0_L2A,airfield,stock_bright,2562.0,0.6573338480606294
2025-10,S2C_48NUG_20251026_0_L2A,west_cargo,pairdiff,,0.8593939393939394
2025-10,S2C_48NUG_20251026_0_L2A,east_cargo,pairdiff,,0.6390410125349885
2025-10,S2C_48NUG_20251026_0_L2A,pax_t123,pairdiff,,0.818975258133645
2025-10,S2C_48NUG_20251026_0_L2A,pax_t4,pairdiff,,0.9885339885339886
2025-10,S2C_48NUG_20251026_0_L2A,airfield,pairdiff,,0.6587256435784383
2025-12,S2C_48NUG_20251205_0_L2A,west_cargo,stock_bright,1286.0,0.0
2025-12,S2C_48NUG_20251205_0_L2A,east_cargo,stock_bright,1332.0,0.0
2025-12,S2C_48NUG_20251205_0_L2A,pax_t123,stock_bright,1484.0,0.0
2025-12,S2C_48NUG_20251205_0_L2A,pax_t4,stock_bright,1544.0,0.12894712894712895
2025-12,S2C_48NUG_20251205_0_L2A,airfield,stock_bright,998.0,0.016579637117256234
2026-01,S2C_48NUG_20260124_0_L2A,west_cargo,stock_bright,1376.0,0.11878787878787879
2026-01,S2C_48NUG_20260124_0_L2A,east_cargo,stock_bright,1614.0,0.0
2026-01,S2C_48NUG_20260124_0_L2A,pax_t123,stock_bright,1736.0,0.08260276641340347
2026-01,S2C_48NUG_20260124_0_L2A,pax_t4,stock_bright,2216.0,0.0
2026-01,S2C_48NUG_20260124_0_L2A,airfield,stock_bright,1444.0,0.05419875246357966
2026-02,S2C_48NUG_20260203_0_L2A,west_cargo,stock_bright,1466.0,0.0
2026-02,S2C_48NUG_20260203_0_L2A,east_cargo,stock_bright,1550.0,0.08299866131191433
2026-02,S2C_48NUG_20260203_0_L2A,pax_t123,stock_bright,1560.0,0.048158971361776735
2026-02,S2C_48NUG_20260203_0_L2A,pax_t4,stock_bright,2540.0,0.14532714532714533
2026-02,S2C_48NUG_20260203_0_L2A,airfield,stock_bright,1376.0,0.10474023203364691
2026-03,S2C_48NUG_20260325_0_L2A,west_cargo,stock_bright,1470.0,0.0
2026-03,S2C_48NUG_20260325_0_L2A,east_cargo,stock_bright,1542.0,0.0
2026-03,S2C_48NUG_20260325_0_L2A,pax_t123,stock_bright,1610.0,0.0007792713812585232
2026-03,S2C_48NUG_20260325_0_L2A,pax_t4,stock_bright,2239.0,0.0
2026-03,S2C_48NUG_20260325_0_L2A,airfield,stock_bright,1331.0,0.0001015909137086779
2026-04,S2C_48NUG_20260414_0_L2A,west_cargo,stock_bright,1599.0,0.20363636363636364
2026-04,S2C_48NUG_20260414_0_L2A,east_cargo,stock_bright,1664.0,0.2304977485700377
2026-04,S2C_48NUG_20260414_0_L2A,pax_t123,stock_bright,1890.0,0.37194623027469315
2026-04,S2C_48NUG_20260414_0_L2A,pax_t4,stock_bright,2354.0,0.6745836745836746
2026-04,S2C_48NUG_20260414_0_L2A,airfield,stock_bright,1532.0,0.23466485157567507
2026-04,S2C_48NUG_20260424_0_L2A,west_cargo,stock_bright,1604.0,0.0
2026-04,S2C_48NUG_20260424_0_L2A,east_cargo,stock_bright,784.0,0.41012534988438604
2026-04,S2C_48NUG_20260424_0_L2A,pax_t123,stock_bright,1908.0,0.1578803818429768
2026-04,S2C_48NUG_20260424_0_L2A,pax_t4,stock_bright,1139.0,0.16088816088816088
2026-04,S2C_48NUG_20260424_0_L2A,airfield,stock_bright,1172.0,0.20252148647824939
2026-04,S2C_48NUG_20260424_0_L2A,west_cargo,pairdiff,2124778.0,0.20363636363636364
2026-04,S2C_48NUG_20260424_0_L2A,east_cargo,pairdiff,,0.41012534988438604
2026-04,S2C_48NUG_20260424_0_L2A,pax_t123,pairdiff,,0.37194623027469315
2026-04,S2C_48NUG_20260424_0_L2A,pax_t4,pairdiff,,0.6745836745836746
2026-04,S2C_48NUG_20260424_0_L2A,airfield,pairdiff,103014944.0,0.23466485157567507
2026-05,S2C_48NUG_20260514_0_L2A,west_cargo,stock_bright,1565.0,0.1506060606060606
2026-05,S2C_48NUG_20260514_0_L2A,east_cargo,stock_bright,1525.0,0.0014603870025556773
2026-05,S2C_48NUG_20260514_0_L2A,pax_t123,stock_bright,1603.0,0.00015585427625170465
2026-05,S2C_48NUG_20260514_0_L2A,pax_t4,stock_bright,1848.0,0.0
2026-05,S2C_48NUG_20260514_0_L2A,airfield,stock_bright,1521.0,0.21955828270719466
2026-05,S2C_48NUG_20260524_0_L2A,west_cargo,stock_bright,1896.0,0.7896969696969697
2026-05,S2C_48NUG_20260524_0_L2A,east_cargo,stock_bright,1716.0,0.10490446635024948
2026-05,S2C_48NUG_20260524_0_L2A,pax_t123,stock_bright,2491.0,0.780518215468537
2026-05,S2C_48NUG_20260524_0_L2A,pax_t4,stock_bright,2301.0,0.0
2026-05,S2C_48NUG_20260524_0_L2A,airfield,stock_bright,1990.0,0.3267976512180751
2026-05,S2C_48NUG_20260524_0_L2A,west_cargo,pairdiff,,0.7896969696969697
2026-05,S2C_48NUG_20260524_0_L2A,east_cargo,pairdiff,3697880.0,0.10490446635024948
2026-05,S2C_48NUG_20260524_0_L2A,pax_t123,pairdiff,,0.780518215468537
2026-05,S2C_48NUG_20260524_0_L2A,pax_t4,pairdiff,4946125.0,0.0
2026-05,S2C_48NUG_20260524_0_L2A,airfield,pairdiff,,0.3267976512180751
2026-06,S2C_48NUG_20260613_0_L2A,west_cargo,stock_bright,1364.0,0.20020202020202021
2026-06,S2C_48NUG_20260613_0_L2A,east_cargo,stock_bright,1488.0,0.0
2026-06,S2C_48NUG_20260613_0_L2A,pax_t123,stock_bright,1648.0,0.08151178647964154
2026-06,S2C_48NUG_20260613_0_L2A,pax_t4,stock_bright,1809.0,0.0
2026-06,S2C_48NUG_20260613_0_L2A,airfield,stock_bright,1232.0,0.07762561716480078
2026-08,S2C_48NUG_20260822_0_L2A,west_cargo,stock_bright,1490.0,0.0
2026-08,S2C_48NUG_20260822_0_L2A,east_cargo,stock_bright,1554.0,0.0
2026-08,S2C_48NUG_20260822_0_L2A,pax_t123,stock_bright,1624.0,0.0003117085525034093
2026-08,S2C_48NUG_20260822_0_L2A,pax_t4,stock_bright,2495.0,0.0
2026-08,S2C_48NUG_20260822_0_L2A,airfield,stock_bright,1384.0,4.063636548347116e-05
